Race #,WPM,Accuracy,Rank,# Racers,Text ID,Date/Time (UTC)
1,72,0.96,1,5,365,2015-04-07 08:26:44
2,65,0.96,2,5,394,2015-04-07 08:28:31
3,61,0.96,3,4,51,2015-04-07 08:29:25
4,64,0.94,4,5,283,2015-04-07 08:32:36
5,69,0.96,3,4,541,2015-04-07 08:35:59
6,66,0.96,1,3,664,2015-04-07 08:36:57
7,54,0.92,3,3,3100035,2015-04-07 08:37:45
8,71,0.97,2,3,584,2015-04-07 08:39:13
9,69,0.96,2,5,3100033,2015-04-07 08:40:32
10,59,0.93,4,5,313,2015-04-07 08:41:50
11,56,0.93,2,5,559,2015-04-09 18:16:59
12,70,0.96,1,5,336,2015-04-09 18:17:43
13,54,0.91,1,3,608,2015-04-10 05:05:03
14,64,0.93,2,5,262,2015-04-10 05:05:50
15,58,0.88,1,2,3100030,2015-04-10 05:07:20
16,63,0.93,2,5,662,2015-04-10 05:08:53
17,54,0.87,3,5,3100071,2015-04-10 05:10:07
18,65,0.94,2,4,101,2015-04-10 05:11:00
19,72,0.96,2,3,3100068,2015-04-10 05:12:41
20,70,0.95,1,3,149,2015-04-10 05:14:13
21,56,0.92,2,4,346,2015-04-10 05:15:33
22,71,0.95,2,5,413,2015-04-10 05:16:29
23,61,0.93,3,4,417,2015-04-10 05:17:35
24,65,0.94,1,5,497,2015-04-10 05:18:25
25,58,0.92,5,5,3100021,2015-04-10 05:19:49
26,63,0.92,2,3,3100000,2015-04-12 05:31:13
27,58,0.91,5,5,282,2015-04-12 05:32:42
28,56,0.93,2,4,3100088,2015-04-12 05:33:24
29,69,0.96,1,2,511,2015-04-12 05:34:48
30,65,0.94,2,4,529,2015-04-12 05:35:38
31,68,0.96,1,4,478,2015-04-12 05:36:43
32,62,0.94,2,4,509,2015-04-12 05:37:46
33,67,0.93,2,3,204,2015-04-12 09:54:30
34,74,0.96,2,5,3100010,2015-04-12 09:55:49
35,68,0.94,2,5,571,2015-04-12 09:56:58
36,59,0.91,3,5,559,2015-04-12 09:57:50
37,69,0.96,1,2,364,2015-04-12 09:58:52
38,67,0.94,1,4,260,2015-04-12 09:59:53
39,64,0.93,2,5,15,2015-04-12 10:00:49
40,59,0.90,4,5,609,2015-04-12 10:02:55
41,73,0.96,1,3,3100023,2015-04-12 10:03:51
42,60,0.90,3,4,71,2015-04-12 10:10:07
43,80,0.98,1,3,65,2015-04-12 10:11:00
44,68,0.92,3,4,100,2015-04-12 10:12:01
45,65,0.93,2,4,283,2015-04-12 10:13:13
46,66,0.93,2,5,239,2015-04-12 10:14:15
47,75,0.95,1,5,649,2015-04-12 10:15:43
48,67,0.93,3,5,3100106,2015-04-12 10:16:31
49,63,0.93,4,5,3100008,2015-04-12 10:17:28
50,68,0.92,3,4,384,2015-04-12 10:18:35
51,80,0.90,5,5,78,2015-04-12 10:19:40
52,73,0.98,3,4,134,2015-04-12 10:21:23
53,63,0.91,2,3,192,2015-04-12 10:28:43
54,65,0.94,4,5,287,2015-04-12 10:30:02
55,56,0.90,3,4,487,2015-04-12 10:31:12
56,55,0.88,2,4,55,2015-04-12 10:32:26
57,70,0.94,1,5,187,2015-04-12 10:33:27
58,56,0.93,3,5,3100054,2015-04-12 10:34:24
59,60,0.91,4,4,3100096,2015-04-12 10:35:40
60,59,0.89,2,3,601,2015-04-12 10:36:55
61,72,0.95,1,3,208,2015-04-12 10:37:45
62,60,0.94,3,5,622,2015-04-12 10:38:52
63,56,0.94,3,5,82,2015-04-12 10:40:12
64,78,0.98,2,5,78,2015-04-12 10:41:00
65,79,0.95,2,3,301,2015-04-12 10:42:00
66,61,0.89,2,4,622,2015-04-12 10:43:16
67,75,0.96,4,4,171,2015-04-12 10:46:40
68,55,0.93,1,3,95,2015-04-13 04:19:15
69,69,0.94,2,3,3100066,2015-04-13 04:20:06
70,88,0.99,1,3,3100015,2015-04-19 01:33:17
71,69,0.93,2,3,229,2015-04-20 05:30:52
72,63,0.90,3,3,3100031,2015-04-20 05:32:26
73,59,0.91,3,5,3100020,2015-04-20 05:33:43
74,77,0.99,1,4,3100088,2015-04-20 05:34:25
75,64,0.97,1,4,532,2015-04-20 05:36:25
76,65,0.93,2,5,3100036,2015-04-20 05:37:20
77,59,0.91,3,3,261,2015-04-20 05:41:50
78,73,0.97,3,4,687,2015-04-20 06:37:23
79,70,0.96,1,5,3100016,2015-04-20 07:46:11
80,77,0.96,2,5,3100082,2015-04-20 08:28:32
81,78,0.95,2,5,3100067,2015-04-20 08:34:50
82,62,0.94,4,5,3100009,2015-04-20 08:35:47
83,63,0.92,1,3,135,2015-04-20 09:14:34
84,66,0.93,3,4,361,2015-04-20 09:15:32
85,62,0.92,1,3,447,2015-04-20 09:16:37
86,60,0.89,2,5,323,2015-04-20 09:17:46
87,59,0.92,3,5,528,2015-04-20 09:19:47
88,75,0.97,1,2,328,2015-04-20 09:23:53
89,72,0.96,4,5,3100033,2015-04-20 09:24:44
90,71,0.94,2,5,418,2015-04-20 09:25:58
91,72,0.93,1,3,126,2015-04-20 09:29:11
92,75,0.95,1,5,320,2015-04-20 09:31:44
93,66,0.94,1,3,3100006,2015-04-20 09:32:49
94,77,0.97,1,3,3100090,2015-04-20 09:33:46
95,62,0.93,4,5,3100081,2015-04-20 09:34:42
96,63,0.98,2,3,245,2015-04-20 09:35:35
97,74,0.94,2,3,683,2015-04-20 09:37:33
98,67,0.94,1,3,179,2015-04-20 10:21:42
99,65,0.95,3,5,392,2015-04-20 10:24:58
100,69,0.94,3,5,551,2015-04-20 10:26:38
101,74,0.96,2,3,565,2015-04-21 14:16:39
102,65,0.95,1,2,672,2015-04-23 06:11:40
103,67,0.94,4,5,62,2015-04-27 03:45:38
104,68,0.95,1,2,396,2015-04-27 05:18:43
105,67,0.91,2,3,3100000,2015-04-27 05:19:48
106,69,0.92,5,5,550,2015-04-27 05:20:35
107,68,0.94,2,4,3100099,2015-04-27 05:21:58
108,62,0.93,1,3,84,2015-04-27 05:24:00
109,65,0.95,2,5,44,2015-04-28 22:33:05
110,68,0.96,2,3,402,2015-04-28 22:34:10
111,71,0.97,3,5,529,2015-04-28 22:35:02
112,63,0.92,2,5,634,2015-04-29 02:01:19
113,71,0.94,2,4,658,2015-04-29 02:03:35
114,59,0.90,1,3,293,2015-04-29 02:04:34
115,75,0.96,1,4,284,2015-04-29 10:01:43
116,66,0.93,2,4,2,2015-04-29 10:18:04
117,58,0.93,3,4,338,2015-04-30 08:13:38
118,71,0.97,1,5,151,2015-05-01 22:03:12
119,74,0.94,3,3,355,2015-05-05 05:20:49
120,71,0.95,1,3,108,2015-05-05 05:22:10
121,69,0.97,2,4,173,2015-05-05 05:29:32
122,70,0.96,1,2,530,2015-05-05 05:30:29
123,71,0.95,3,4,565,2015-05-05 05:31:21
124,71,0.96,1,5,687,2015-05-18 02:07:20
125,71,0.96,1,3,374,2015-05-18 02:09:03
126,80,0.99,4,5,429,2015-05-18 02:10:58
127,60,0.91,3,5,3100022,2015-05-18 02:11:48
128,69,0.96,1,5,127,2015-05-18 02:13:03
129,59,0.90,4,5,94,2015-05-18 02:14:04
130,54,0.88,4,5,466,2015-05-18 02:14:52
131,67,0.96,2,5,620,2015-05-18 02:15:54
132,60,0.90,3,3,324,2015-05-18 02:17:19
133,64,0.92,2,5,3100004,2015-05-18 02:18:37
134,77,0.96,1,4,285,2015-05-18 02:19:19
135,60,0.91,5,5,3100008,2015-05-18 04:50:27
136,74,0.97,3,4,3100060,2015-05-18 04:51:47
137,74,0.95,3,4,140,2015-05-18 04:53:02
138,73,0.96,2,5,627,2015-05-18 04:54:04
139,70,0.95,2,4,499,2015-05-18 04:55:18
140,71,0.96,3,4,5,2015-05-18 04:56:34
141,85,0.99,1,3,3100058,2015-05-18 06:36:30
142,76,0.96,1,2,3100070,2015-05-18 06:38:28
143,69,0.95,2,5,86,2015-05-18 06:39:35
144,66,0.94,3,4,672,2015-05-18 06:41:02
145,59,0.89,3,3,3100081,2015-05-18 06:41:54
146,76,0.98,2,3,3100082,2015-05-18 19:36:34
147,82,0.98,2,5,102,2015-05-20 22:44:13
148,72,0.94,2,4,3100059,2015-05-20 23:13:49
149,71,0.96,2,3,118,2015-05-20 23:39:39
150,65,0.91,3,4,9,2015-05-21 01:27:05
151,67,0.94,2,3,623,2015-05-21 01:28:22
152,60,0.92,5,5,411,2015-05-21 01:30:04
153,76,0.97,2,3,625,2015-05-21 01:31:34
154,58,0.88,3,5,303,2015-05-21 01:33:23
155,66,0.91,4,5,3100109,2015-05-21 01:34:13
156,66,0.93,2,4,3100073,2015-05-21 02:18:33
157,66,0.90,5,5,598,2015-05-21 02:27:32
158,68,0.93,1,5,138,2015-05-21 04:11:06
159,84,0.98,1,4,60,2015-05-21 07:26:34
160,70,0.92,3,5,238,2015-05-21 07:27:47
161,65,0.92,3,5,418,2015-05-21 07:29:37
162,60,0.92,2,5,3100029,2015-05-21 07:31:00
163,85,0.97,1,5,3100067,2015-05-21 07:31:38
164,70,0.95,3,5,623,2015-05-21 07:33:39
165,64,0.94,3,5,494,2015-05-21 07:35:08
166,65,0.93,4,5,364,2015-05-21 07:36:08
167,69,0.95,2,3,12,2015-05-26 06:57:01
168,73,0.97,4,4,74,2015-05-26 06:58:19
169,76,0.97,4,5,176,2015-06-13 05:25:47
170,72,0.97,2,2,3100078,2015-06-13 05:27:53
171,61,0.96,3,4,469,2015-06-13 05:30:38
172,71,0.95,3,3,418,2015-06-13 05:32:55
173,69,0.97,3,5,48,2015-06-13 05:34:53
174,69,0.96,2,3,65,2015-06-13 05:35:45
175,80,0.97,1,4,194,2015-06-18 03:42:34
176,66,0.95,4,5,647,2015-06-25 05:20:02
177,73,0.95,3,5,588,2015-06-28 09:27:54
178,65,0.95,3,4,487,2015-06-28 09:29:01
179,67,0.94,3,3,69,2015-07-02 04:15:31
180,76,0.98,1,3,172,2015-07-09 10:51:10
181,65,0.95,3,4,26,2015-07-14 06:22:13
182,64,0.94,3,5,386,2015-07-14 06:23:34
183,72,0.96,3,3,435,2015-07-14 06:24:15
184,59,0.91,5,5,511,2015-07-14 06:26:19
185,61,0.96,1,4,142,2015-07-14 06:27:27
186,74,0.96,3,5,324,2015-07-21 06:08:53
187,63,0.91,3,3,416,2015-07-21 06:10:14
188,65,0.92,1,5,101,2015-07-21 06:11:12
189,61,0.92,1,5,634,2015-08-06 02:51:27
190,65,0.93,2,2,430,2015-08-08 23:23:05
191,58,0.94,3,4,350,2015-08-13 05:50:17
192,58,0.94,2,3,97,2015-08-25 07:33:59
193,71,0.95,2,4,134,2015-09-12 21:30:51
194,59,0.92,1,2,10,2015-09-12 22:11:24
195,73,0.98,1,4,559,2015-09-14 09:33:35
196,65,0.95,1,2,146,2015-09-14 09:35:04
197,58,0.93,1,3,232,2015-09-14 09:36:46
198,78,0.97,1,2,3100089,2015-09-14 09:37:33
199,64,0.95,1,2,79,2015-09-14 09:40:21
200,64,0.93,1,2,303,2015-09-14 09:42:03
201,68,0.92,5,5,565,2015-09-17 22:02:52
202,68,0.95,4,5,360,2015-09-17 22:03:53
203,68,0.94,1,5,3100067,2015-09-18 09:20:44
204,79,1.00,1,3,338,2015-09-22 23:55:54
205,71,0.94,2,5,100,2015-09-23 00:49:15
206,68,0.92,2,3,694,2015-09-30 21:26:02
207,60,0.94,5,5,421,2015-10-02 07:58:39
208,55,0.91,4,5,348,2015-10-02 08:12:08
209,63,0.93,2,5,622,2015-10-08 18:24:09
210,75,0.97,1,5,361,2015-10-15 20:46:47
211,81,0.98,1,3,205,2015-10-15 20:47:52
212,71,0.94,3,5,3100064,2015-10-15 22:27:21
213,75,0.95,1,5,399,2015-10-16 17:55:47
214,74,0.97,2,5,708,2015-10-16 17:56:26
215,75,0.97,1,2,32,2015-10-18 00:24:41
216,62,0.89,3,3,209,2015-10-19 07:28:53
217,64,0.93,2,5,426,2015-10-19 07:53:30
218,65,0.92,2,5,324,2015-10-19 08:20:51
219,64,0.94,1,3,10,2015-10-19 20:11:36
220,49,0.93,5,5,615,2015-10-20 20:51:30
221,56,0.92,1,4,1,2015-10-21 23:54:08
222,65,0.95,1,4,3100065,2015-10-21 23:55:26
223,69,0.95,2,3,3100030,2015-10-23 21:59:16
224,84,0.97,3,5,444,2015-10-23 22:00:15
225,61,0.93,1,5,377,2015-10-27 22:17:14
226,52,0.91,3,5,95,2015-10-29 19:07:53
227,61,0.92,3,5,344,2015-10-30 05:08:32
228,65,0.95,2,5,431,2015-10-30 05:35:15
229,72,0.95,1,5,3100076,2015-10-30 05:36:04
230,77,0.97,1,5,3100016,2015-10-30 05:37:04
231,78,0.98,3,4,143,2015-10-30 05:38:03
232,75,0.97,1,3,550,2015-10-30 05:56:16
233,78,0.97,2,2,437,2015-10-30 05:57:36
234,86,1.00,4,5,3100095,2015-10-30 06:15:36
235,71,0.93,1,5,351,2015-10-30 06:16:56
236,70,0.96,1,2,3100026,2015-10-30 06:17:39
237,68,0.95,2,5,228,2015-10-30 06:18:41
238,67,0.91,2,5,130,2015-10-30 06:19:59
239,65,0.92,1,5,108,2015-10-30 06:21:45
240,62,0.92,1,3,458,2015-10-30 06:22:44
241,67,0.93,3,5,687,2015-10-30 06:23:51
242,73,0.91,2,4,3100067,2015-10-30 06:57:17
243,80,0.98,2,5,412,2015-10-30 21:29:45
244,65,0.95,2,3,162,2015-10-30 21:32:09
245,64,0.92,2,5,415,2015-10-30 21:32:58
246,72,0.94,1,5,559,2015-10-30 21:33:59
247,72,0.96,1,5,672,2015-10-30 21:35:23
248,73,0.95,4,4,330,2015-10-30 22:33:03
249,76,0.95,1,5,3100083,2015-10-30 22:34:06
250,67,0.92,4,5,312,2015-10-30 22:34:56
251,65,0.90,3,5,669,2015-10-30 22:36:08
252,72,0.93,1,5,18,2015-10-30 22:38:02
253,48,0.92,2,4,702,2015-10-31 09:47:31
254,79,0.95,2,3,116,2015-10-31 19:24:12
255,73,0.97,4,5,3100088,2015-11-06 23:32:25
256,61,0.91,4,5,135,2015-11-06 23:38:57
257,71,0.94,2,5,3100067,2015-11-07 19:52:43
258,58,0.93,4,4,3100098,2015-11-07 21:59:10
259,66,0.96,2,3,630,2015-11-09 04:15:58
260,70,0.95,1,4,449,2015-11-11 05:50:57
261,67,0.94,2,3,525,2015-11-11 23:04:55
262,78,0.97,1,5,439,2015-11-11 23:06:09
263,75,0.95,3,5,130,2015-11-11 23:52:13
264,65,0.95,1,5,481,2015-11-11 23:53:45
265,62,0.90,2,2,31,2015-11-14 07:31:19
266,68,0.93,2,3,76,2015-11-14 07:32:24
267,69,0.93,3,5,537,2015-11-14 07:33:23
268,69,0.92,3,4,301,2015-11-14 07:34:15
269,63,0.93,3,4,185,2015-11-14 07:35:29
270,65,0.93,3,5,561,2015-11-16 04:22:24
271,54,0.95,1,2,605,2015-11-17 05:46:28
272,69,0.96,2,4,388,2015-11-21 07:40:48
273,78,0.95,3,4,3100102,2015-11-23 07:12:46
274,60,0.89,2,3,3100065,2015-11-23 07:26:08
275,61,0.94,2,4,3100049,2015-11-23 07:27:38
276,70,0.97,4,5,651,2015-11-23 07:28:28
277,67,0.92,5,5,326,2015-11-23 07:29:28
278,73,0.94,3,4,338,2015-11-24 04:47:29
279,55,0.90,4,5,415,2015-11-24 04:48:30
280,72,0.94,2,3,417,2015-11-27 00:12:25
281,69,0.95,2,3,262,2015-11-27 08:19:06
282,63,0.92,3,3,119,2015-11-27 08:19:48
283,76,0.95,2,3,241,2015-11-30 09:42:49
284,56,0.88,1,2,83,2015-11-30 11:09:32
285,65,0.95,2,5,103,2015-11-30 11:11:05
286,69,0.94,4,4,537,2015-12-02 09:22:57
287,70,0.96,1,4,3100071,2015-12-02 09:23:53
288,61,0.94,3,4,80,2015-12-02 09:38:08
289,73,0.97,1,2,622,2015-12-02 09:41:40
290,69,0.97,2,3,3100108,2015-12-07 04:01:43
291,65,0.91,3,5,580,2015-12-07 04:21:23
292,66,0.95,2,5,426,2015-12-07 04:22:41
293,71,0.95,3,5,104,2015-12-13 21:00:54
294,68,0.94,2,3,54,2015-12-14 00:12:15
295,71,0.96,2,2,303,2015-12-14 00:14:38
296,68,0.93,1,5,566,2015-12-15 05:34:41
297,62,0.92,1,2,210,2015-12-15 06:37:25
298,60,0.95,2,3,457,2015-12-16 20:38:54
299,51,0.93,4,5,79,2015-12-19 04:08:18
300,63,0.92,3,5,3100021,2015-12-20 08:38:07
301,63,0.94,1,3,302,2015-12-20 10:38:15
302,62,0.91,2,3,627,2015-12-20 23:56:03
303,75,0.95,1,5,171,2015-12-21 06:20:38
304,69,0.92,1,3,3100021,2015-12-21 06:21:55
305,71,0.93,2,3,234,2015-12-21 06:23:07
306,79,0.96,3,5,230,2015-12-22 09:22:57
307,78,0.96,1,4,86,2015-12-25 01:51:03
308,70,0.95,2,4,3100084,2015-12-25 01:52:53
309,75,0.96,1,5,351,2015-12-25 01:54:21
310,64,0.92,1,2,480,2015-12-25 02:39:20
311,69,0.95,1,3,662,2015-12-25 02:40:42
312,84,0.96,2,3,3100002,2015-12-25 06:24:24
313,67,0.95,2,3,371,2015-12-25 06:56:46
314,66,0.93,2,4,3100041,2015-12-25 07:57:12
315,66,0.94,4,5,518,2015-12-27 00:42:30
316,68,0.98,1,3,148,2015-12-28 16:56:13
317,81,0.99,2,5,466,2015-12-28 16:56:52
318,81,0.98,1,4,3100077,2015-12-29 00:24:46
319,72,0.93,3,5,3100015,2016-01-07 01:14:47
320,71,0.94,3,5,3100063,2016-01-07 01:16:18
321,64,0.94,3,5,24,2016-01-07 03:05:37
322,71,0.97,3,5,486,2016-01-07 03:06:18
323,69,0.93,2,3,3100028,2016-01-10 23:31:51
324,65,0.92,3,5,3100018,2016-01-11 00:17:24
325,65,0.93,3,5,3100023,2016-01-11 21:14:38
326,71,0.96,2,4,3100010,2016-01-11 21:15:20
327,67,0.94,2,4,487,2016-01-11 21:17:53
328,64,0.93,4,5,625,2016-01-12 09:11:46
329,76,0.94,2,2,444,2016-01-12 09:12:48
330,79,0.97,1,4,359,2016-01-12 09:13:50
331,66,0.94,3,4,377,2016-01-12 22:23:45
332,56,0.95,2,4,1,2016-01-14 05:03:17
333,67,0.93,2,4,664,2016-01-14 22:18:13
334,74,0.95,1,4,188,2016-01-15 00:21:10
335,70,0.95,1,5,49,2016-01-15 01:06:36
336,68,0.93,5,5,3100051,2016-01-15 02:59:29
337,71,0.96,1,3,283,2016-01-16 07:31:00
338,53,0.90,3,5,25,2016-01-16 08:34:16
339,59,0.92,1,3,210,2016-01-16 08:35:53
340,70,0.96,2,4,189,2016-01-16 08:36:58
341,64,0.95,1,4,459,2016-01-16 08:38:20
342,67,0.96,2,3,554,2016-01-16 08:39:03
343,72,0.94,1,3,101,2016-01-16 08:39:51
344,71,0.96,1,3,437,2016-01-16 08:41:21
345,68,0.92,2,2,515,2016-01-16 23:35:39
346,70,0.96,1,5,446,2016-01-18 00:09:53
347,59,0.90,3,5,323,2016-01-18 00:11:01
348,67,0.93,3,5,4,2016-01-18 00:12:06
349,64,0.92,2,5,3100095,2016-01-18 00:12:31
350,60,0.95,2,5,458,2016-01-18 00:13:49
351,64,0.91,2,4,224,2016-01-18 00:14:50
352,67,0.95,2,4,632,2016-01-18 08:02:24
353,63,0.92,1,3,222,2016-01-19 22:38:30
354,71,0.95,1,5,26,2016-01-19 23:35:55
355,79,0.97,4,5,3100059,2016-01-20 01:50:25
356,83,0.97,4,5,535,2016-01-23 12:03:52
357,64,0.95,4,4,172,2016-01-23 12:25:44
358,73,0.96,3,5,299,2016-01-24 21:25:07
359,80,0.93,3,5,3100058,2016-01-24 23:39:46
360,72,0.94,2,3,3100058,2016-01-25 07:23:05
361,61,0.97,5,5,100,2016-01-25 07:24:27
362,77,0.96,1,5,3100019,2016-01-26 22:22:19
363,66,0.91,2,2,296,2016-01-31 00:21:02
364,76,0.95,1,5,678,2016-02-02 23:49:47
365,73,0.96,3,3,306,2016-02-05 00:14:25
366,76,0.94,3,4,3100077,2016-02-05 01:49:58
367,74,0.96,1,3,455,2016-02-05 01:50:57
368,72,0.94,3,4,351,2016-02-05 23:47:07
369,62,0.92,4,4,170,2016-02-07 09:58:26
370,74,0.95,3,3,321,2016-02-07 09:59:12
371,82,1.00,1,2,429,2016-02-07 10:00:01
372,63,0.95,5,5,87,2016-02-07 20:57:01
373,68,0.95,3,4,3100073,2016-02-08 21:00:40
374,75,0.94,1,3,194,2016-02-08 21:07:01
375,62,0.93,3,4,54,2016-02-09 09:35:30
376,65,0.92,2,4,634,2016-02-09 21:38:45
377,64,0.94,2,4,79,2016-02-09 21:39:52
378,76,0.96,1,5,143,2016-02-09 21:40:46
379,77,0.96,2,5,439,2016-02-10 08:12:32
380,77,0.95,3,4,3100032,2016-02-10 08:13:37
381,72,0.94,3,4,310,2016-02-10 08:16:17
382,73,0.94,1,2,221,2016-02-16 23:15:28
383,78,0.96,1,5,3100102,2016-02-16 23:16:13
384,66,0.92,4,5,649,2016-02-16 23:17:13
385,66,0.94,2,4,153,2016-02-18 08:32:20
386,65,0.94,2,4,494,2016-02-18 08:34:09
387,58,0.92,5,5,3100098,2016-02-18 10:52:58
388,71,0.94,1,2,408,2016-02-18 10:54:15
389,69,0.96,3,4,3100099,2016-02-18 10:55:43
390,66,0.94,2,5,658,2016-02-18 10:56:35
391,70,0.97,3,5,3100107,2016-02-18 10:57:37
392,84,0.99,3,5,31,2016-02-18 23:44:59
393,76,0.96,1,5,59,2016-02-19 02:26:35
394,63,0.93,4,4,3100019,2016-02-20 07:48:45
395,64,0.95,4,5,350,2016-02-20 08:01:39
396,61,0.92,3,4,30,2016-02-20 09:17:52
397,74,0.94,2,5,3100015,2016-02-21 07:57:27
398,69,0.95,2,3,374,2016-02-21 07:58:51
399,77,0.96,4,5,687,2016-02-22 04:44:40
400,71,0.95,1,3,3100030,2016-02-22 07:38:11
401,68,0.94,3,4,609,2016-02-22 08:09:30
402,66,0.94,1,3,24,2016-02-23 22:21:04
403,66,0.90,2,4,561,2016-02-23 22:22:08
404,63,0.91,4,5,101,2016-02-24 00:36:08
405,70,0.91,2,4,324,2016-02-25 04:25:14
406,71,0.93,1,4,143,2016-02-25 04:26:06
407,63,0.93,4,5,348,2016-02-25 04:26:56
408,65,0.93,2,5,436,2016-02-25 04:27:46
409,60,0.89,2,5,115,2016-02-25 05:08:34
410,63,0.91,4,4,3100040,2016-02-26 01:03:26
411,54,0.90,3,3,3100022,2016-02-26 01:13:06
412,68,0.96,2,5,3100006,2016-02-26 01:14:06
413,48,0.90,2,4,3100047,2016-02-27 09:46:18
414,55,0.89,5,5,589,2016-02-29 07:54:21
415,71,0.97,3,5,3100011,2016-03-02 07:11:32
416,68,0.95,1,4,315,2016-03-02 07:12:37
417,59,0.93,2,5,286,2016-03-02 09:20:12
418,62,0.93,3,5,181,2016-03-02 09:21:45
419,54,0.93,4,4,500,2016-03-02 23:13:02
420,72,0.94,2,5,3100066,2016-03-02 23:13:48
421,78,0.97,1,3,541,2016-03-02 23:14:34
422,72,0.93,3,5,574,2016-03-02 23:15:47
423,74,0.95,1,2,3100098,2016-03-02 23:17:32
424,55,0.90,3,5,304,2016-03-02 23:20:29
425,70,0.94,2,5,467,2016-03-03 21:54:38
426,68,0.94,2,5,364,2016-03-03 21:55:39
427,73,0.94,2,5,102,2016-03-03 21:56:42
428,78,0.96,1,5,354,2016-03-03 21:57:32
429,61,0.91,5,5,3100077,2016-03-03 22:17:18
430,84,0.98,1,4,442,2016-03-04 00:51:00
431,62,0.89,3,5,669,2016-03-04 00:52:20
432,69,0.94,3,4,118,2016-03-04 00:53:29
433,77,0.97,1,4,380,2016-03-04 00:54:19
434,79,0.96,1,4,3100039,2016-03-04 00:55:13
435,66,0.93,1,5,566,2016-03-04 01:02:47
436,62,0.88,2,2,546,2016-03-04 01:03:46
437,63,0.91,2,4,386,2016-03-04 01:05:00
438,54,0.92,4,5,500,2016-03-04 22:34:49
439,60,0.94,2,4,44,2016-03-04 22:35:55
440,71,0.95,3,5,3100052,2016-03-04 22:37:13
441,67,0.95,1,2,162,2016-03-04 22:38:32
442,60,0.93,1,5,411,2016-03-05 07:20:04
443,74,0.95,3,4,3100075,2016-03-07 07:55:10
444,71,0.94,5,5,218,2016-03-07 07:56:23
445,72,0.91,3,5,584,2016-03-07 07:57:38
446,70,0.91,2,5,413,2016-03-08 05:31:21
447,94,0.98,2,5,285,2016-03-08 06:05:19
448,88,0.98,1,5,466,2016-03-08 06:05:58
449,77,0.91,2,3,549,2016-03-08 06:06:49
450,69,0.91,3,4,5,2016-03-08 06:08:20
451,72,0.92,4,5,678,2016-03-08 06:41:03
452,74,0.95,1,4,639,2016-03-08 06:42:16
453,67,0.93,2,4,719,2016-03-08 06:43:33
454,76,0.93,1,4,205,2016-03-08 06:44:27
455,63,0.88,3,3,565,2016-03-08 06:45:32
456,69,0.94,1,2,426,2016-03-08 06:47:42
457,74,0.93,1,5,52,2016-03-08 06:48:45
458,74,0.91,1,4,3100000,2016-03-08 06:49:39
459,72,0.92,3,5,374,2016-03-08 06:51:03
460,67,0.92,1,2,3100029,2016-03-08 06:52:24
461,70,0.92,2,4,61,2016-03-08 06:53:19
462,70,0.91,2,5,41,2016-03-08 06:54:04
463,71,0.92,1,4,176,2016-03-08 06:55:00
464,66,0.92,3,5,117,2016-03-08 06:56:22
465,70,0.93,1,4,182,2016-03-08 06:57:19
466,69,0.95,3,5,15,2016-03-08 07:20:33
467,74,0.94,2,3,141,2016-03-09 01:03:07
468,80,0.96,4,4,327,2016-03-09 01:04:12
469,73,0.96,2,4,705,2016-03-09 01:10:15
470,63,0.91,5,5,318,2016-03-11 18:09:28
471,58,0.91,4,4,502,2016-03-12 06:18:46
472,62,0.95,3,3,104,2016-03-14 07:42:09
473,60,0.91,3,5,558,2016-03-14 07:43:40
474,71,0.94,2,4,3100051,2016-03-14 07:44:37
475,66,0.92,3,5,444,2016-03-14 15:16:28
476,71,0.95,1,3,3100041,2016-03-14 15:17:37
477,63,0.89,3,5,101,2016-03-14 15:40:40
478,65,0.93,2,3,629,2016-03-14 15:42:20
479,78,0.95,1,2,703,2016-03-14 15:44:37
480,73,0.93,2,2,197,2016-03-14 15:46:10
481,74,0.94,1,3,3100039,2016-03-15 05:20:05
482,79,0.97,4,4,26,2016-03-15 06:12:03
483,74,0.95,1,3,362,2016-03-15 20:23:18
484,69,0.97,2,2,481,2016-03-17 14:10:02
485,67,0.93,2,3,142,2016-03-18 06:26:32
486,71,0.94,1,3,3100028,2016-03-19 05:51:42
487,75,0.97,2,2,478,2016-03-19 16:42:12
488,78,0.96,4,5,3100027,2016-03-19 22:25:07
489,76,0.97,2,4,3100099,2016-03-20 20:51:35
490,71,0.94,1,2,119,2016-03-21 19:21:46
491,76,0.98,1,3,96,2016-03-21 19:24:43
492,77,0.96,3,4,327,2016-03-21 19:25:47
493,79,0.95,1,5,708,2016-03-21 19:26:30
494,80,0.98,1,2,3100001,2016-03-23 03:50:10
495,81,0.97,2,5,3100039,2016-03-24 02:00:32
496,69,0.94,4,5,371,2016-03-24 02:07:25
497,61,0.89,2,3,250,2016-03-24 02:12:23
498,63,0.89,2,4,3100003,2016-03-24 02:13:59
499,53,0.89,1,3,277,2016-03-24 02:15:18
500,73,0.96,1,4,705,2016-03-24 02:16:12
501,67,0.91,4,5,20,2016-03-24 02:17:21
502,50,0.85,3,4,212,2016-03-24 02:18:57
503,60,0.91,3,4,476,2016-03-24 02:20:19
504,57,0.92,5,5,302,2016-03-24 02:21:14
505,60,0.93,4,5,346,2016-03-24 02:22:23
506,88,0.99,2,5,3100028,2016-03-24 02:26:12
507,71,0.94,1,5,24,2016-03-24 23:07:31
508,64,0.93,2,4,506,2016-03-24 23:08:50
509,72,0.93,1,5,317,2016-03-24 23:26:04
510,66,0.93,2,3,110,2016-03-25 00:05:47
511,78,0.94,3,3,471,2016-03-25 00:06:44
512,74,0.93,5,5,198,2016-03-25 00:08:01
513,64,0.91,5,5,142,2016-03-25 00:09:03
514,68,0.91,4,5,55,2016-03-25 00:10:09
515,58,0.89,5,5,97,2016-03-25 05:46:48
516,72,0.94,3,4,200,2016-03-25 05:47:53
517,69,0.94,3,4,601,2016-03-25 06:52:01
518,83,0.98,1,5,548,2016-03-25 06:52:44
519,87,0.97,2,2,305,2016-03-25 06:53:58
520,75,0.94,1,3,3100049,2016-03-25 06:55:10
521,64,0.91,2,2,306,2016-03-25 06:56:41
522,67,0.93,5,5,12,2016-03-25 14:15:49
523,70,0.92,2,2,697,2016-03-26 17:40:00
524,73,0.95,1,5,3100079,2016-03-26 17:41:16
525,63,0.92,1,3,10,2016-03-26 17:42:31
526,64,0.90,3,5,281,2016-03-26 17:43:48
527,70,0.94,2,5,166,2016-03-26 17:44:56
528,72,0.93,1,3,29,2016-03-26 17:45:49
529,63,0.90,2,5,3100020,2016-03-26 17:46:58
530,68,0.94,3,5,109,2016-03-26 19:11:24
531,79,0.96,1,3,187,2016-03-27 05:35:19
532,82,0.95,3,5,100,2016-03-27 05:37:03
533,73,0.95,4,5,71,2016-03-27 05:39:09
534,70,0.95,1,4,80,2016-03-29 18:29:53
535,72,0.97,3,4,373,2016-03-29 18:32:34
536,68,0.95,1,4,5,2016-03-29 18:33:38
537,80,0.97,3,5,601,2016-03-29 18:34:40
538,76,0.97,2,4,392,2016-03-29 18:35:51
539,77,0.96,1,3,3100052,2016-03-29 23:36:53
540,59,0.96,2,5,713,2016-03-30 01:30:16
541,67,0.93,1,2,2,2016-03-30 01:31:25
542,71,0.97,1,2,79,2016-03-30 02:12:18
543,76,0.94,4,5,580,2016-03-30 02:13:26
544,62,0.90,2,5,318,2016-03-30 03:45:26
545,74,0.97,1,5,446,2016-03-30 03:46:12
546,72,0.97,4,5,529,2016-03-30 10:01:21
547,70,0.94,5,5,35,2016-03-30 10:02:17
548,65,0.94,1,2,528,2016-03-30 10:04:00
549,72,0.95,4,5,609,2016-03-30 10:05:19
550,58,0.95,3,5,493,2016-03-30 10:06:43
551,75,0.96,2,5,290,2016-03-30 23:51:44
552,83,0.96,3,5,76,2016-03-30 23:52:40
553,58,0.95,3,5,647,2016-03-31 00:35:13
554,57,0.90,3,5,228,2016-04-01 00:22:01
555,68,0.94,2,3,3100066,2016-04-01 00:22:47
556,73,0.95,1,5,609,2016-04-01 18:40:33
557,76,0.93,2,2,3100001,2016-04-01 19:24:32
558,56,0.93,2,2,741,2016-04-01 19:26:32
559,71,0.93,2,2,328,2016-04-01 19:27:44
560,78,0.96,2,3,29,2016-04-01 19:29:47
561,72,0.97,2,4,3100083,2016-04-02 07:00:24
562,72,0.95,2,3,35,2016-04-02 07:01:38
563,63,0.95,1,2,61,2016-04-02 07:02:40
564,85,0.97,1,5,413,2016-04-02 23:38:48
565,69,0.97,1,2,3100008,2016-04-03 14:28:11
566,73,0.94,2,2,127,2016-04-03 17:47:51
567,68,0.93,2,2,173,2016-04-03 17:49:03
568,64,0.90,2,2,495,2016-04-03 17:50:18
569,71,0.96,4,5,521,2016-04-03 23:21:57
570,76,0.96,2,3,480,2016-04-03 23:22:56
571,88,0.98,2,2,666,2016-04-05 00:07:45
572,86,0.95,2,2,3100067,2016-04-05 02:58:11
573,76,0.93,2,2,53,2016-04-05 02:59:05
574,85,0.96,2,2,72,2016-04-05 03:00:02
575,55,0.91,2,2,87,2016-04-05 03:01:33
576,73,0.95,2,3,305,2016-04-05 03:27:06
577,74,0.97,2,5,3100074,2016-04-05 22:17:00
578,76,0.95,2,5,64,2016-04-05 22:18:03
579,66,0.95,2,4,83,2016-04-05 22:19:43
580,82,0.98,2,2,729,2016-04-05 23:40:08
581,76,0.95,2,2,371,2016-04-06 00:25:50
582,73,0.96,2,2,410,2016-04-06 00:27:34
583,83,0.98,1,2,75,2016-04-06 00:28:32
584,75,0.96,1,2,455,2016-04-06 00:30:04
585,75,0.95,1,2,282,2016-04-06 00:37:39
586,85,0.96,3,4,338,2016-04-06 04:08:17
587,69,0.94,2,5,391,2016-04-06 04:10:35
588,68,0.94,1,5,143,2016-04-06 04:11:29
589,61,0.92,2,2,272,2016-04-06 04:23:15
590,55,0.92,2,2,93,2016-04-06 04:25:20
591,73,0.95,2,2,3100093,2016-04-06 04:26:36
592,80,0.97,1,2,573,2016-04-06 04:31:04
593,67,0.93,3,5,209,2016-04-06 04:33:53
594,74,0.93,2,3,717,2016-04-07 03:57:56
595,77,0.95,3,5,689,2016-04-07 03:59:15
596,59,0.88,3,4,290,2016-04-07 04:26:10
597,78,0.94,1,5,264,2016-04-07 04:27:03
598,68,0.94,1,5,554,2016-04-07 04:27:53
599,78,0.94,2,5,3100034,2016-04-07 18:51:40
600,72,0.94,1,5,705,2016-04-07 18:54:58
601,74,0.95,1,3,422,2016-04-07 18:56:10
602,76,0.93,1,3,598,2016-04-07 18:58:59
603,83,0.94,2,5,190,2016-04-07 22:31:25
604,77,0.95,1,4,52,2016-04-07 23:04:14
605,75,0.96,4,5,509,2016-04-07 23:40:53
606,68,0.93,1,5,521,2016-04-08 02:14:33
607,73,0.94,4,4,359,2016-04-08 02:15:09
608,77,0.95,3,5,3100032,2016-04-08 02:16:15
609,70,0.92,3,5,111,2016-04-08 02:17:22
610,69,0.95,1,5,447,2016-04-08 02:21:33
611,81,0.96,1,4,3100011,2016-04-08 05:53:47
612,81,0.97,2,5,245,2016-04-08 05:55:25
613,75,0.95,1,5,46,2016-04-08 05:56:53
614,83,0.96,2,5,544,2016-04-08 05:58:22
615,84,0.95,3,5,3100082,2016-04-08 05:59:24
616,74,0.97,2,4,19,2016-04-08 06:00:05
617,84,0.98,1,5,703,2016-04-08 06:01:51
618,74,0.94,3,3,135,2016-04-08 06:03:05
619,73,0.93,2,5,50,2016-04-08 06:04:02
620,72,0.91,2,5,3100028,2016-04-08 06:04:53
621,69,0.91,4,5,3100106,2016-04-08 06:05:34
622,79,0.94,3,3,361,2016-04-08 06:06:37
623,67,0.98,2,4,3100091,2016-04-08 06:07:26
624,70,0.92,4,5,3100094,2016-04-08 06:08:24
625,65,0.90,5,5,445,2016-04-08 06:09:56
626,62,0.93,5,5,128,2016-04-08 06:12:32
627,69,0.94,2,3,192,2016-04-08 06:13:42
628,76,0.93,3,5,3100064,2016-04-08 06:15:13
629,75,0.95,1,5,180,2016-04-08 22:22:42
630,75,0.95,1,5,6,2016-04-08 22:32:35
631,76,0.94,4,5,419,2016-04-08 22:33:55
632,82,0.96,2,5,171,2016-04-09 01:46:04
633,67,0.92,3,5,384,2016-04-09 06:03:24
634,69,0.92,3,5,687,2016-04-09 06:56:01
635,68,0.93,1,5,153,2016-04-09 06:57:05
636,75,0.95,2,2,416,2016-04-09 19:10:18
637,73,0.93,2,5,331,2016-04-09 19:13:07
638,79,0.96,1,5,326,2016-04-09 20:46:35
639,77,0.96,2,5,37,2016-04-10 00:05:31
640,73,0.94,1,5,324,2016-04-10 00:06:30
641,77,0.95,2,4,280,2016-04-10 04:32:36
642,71,0.93,2,2,198,2016-04-10 04:35:48
643,68,0.93,1,5,96,2016-04-10 05:22:37
644,73,0.94,1,5,3100029,2016-04-10 05:23:48
645,67,0.96,2,5,3100037,2016-04-10 08:37:39
646,73,0.95,1,2,3100039,2016-04-10 08:38:36
647,78,0.97,1,4,3100087,2016-04-10 08:44:55
648,80,0.94,2,4,331,2016-04-10 08:46:11
649,85,0.95,3,5,326,2016-04-10 08:47:06
650,68,0.91,4,5,47,2016-04-10 08:48:21
651,67,0.94,3,4,162,2016-04-10 08:49:38
652,78,0.94,3,5,9,2016-04-10 08:50:31
653,65,0.93,3,4,513,2016-04-10 08:54:19
654,72,0.93,3,5,3100070,2016-04-10 08:58:33
655,60,0.91,3,4,639,2016-04-10 09:00:07
656,59,0.88,4,4,348,2016-04-10 09:01:05
657,79,0.95,1,3,331,2016-04-10 09:02:20
658,75,0.93,1,3,360,2016-04-10 09:03:30
659,73,0.95,3,5,3100009,2016-04-10 09:04:20
660,67,0.92,4,5,149,2016-04-10 09:05:41
661,60,0.90,1,3,131,2016-04-10 09:07:23
662,71,0.93,2,5,263,2016-04-10 09:08:41
663,70,0.94,2,4,3100018,2016-04-10 09:10:02
664,79,0.95,4,5,60,2016-04-10 09:10:46
665,77,0.97,1,4,3100021,2016-04-10 09:11:56
666,76,0.95,1,4,300,2016-04-10 09:14:00
667,63,0.91,2,3,530,2016-04-10 21:30:58
668,63,0.90,3,5,97,2016-04-11 05:03:23
669,73,0.95,3,4,179,2016-04-11 05:04:54
670,85,0.97,1,2,3100064,2016-04-11 05:59:28
671,84,0.97,2,5,3100063,2016-04-11 07:28:21
672,76,0.95,1,4,598,2016-04-11 07:29:10
673,74,0.95,3,5,416,2016-04-11 07:30:08
674,69,0.95,1,4,494,2016-04-11 07:32:25
675,81,0.98,2,5,11,2016-04-11 07:33:17
676,60,0.91,4,4,453,2016-04-11 07:34:51
677,67,0.90,4,5,197,2016-04-11 07:35:54
678,76,0.94,1,5,359,2016-04-11 07:36:42
679,86,0.99,1,5,307,2016-04-11 07:37:13
680,73,0.94,2,5,3100026,2016-04-11 07:38:01
681,68,0.91,3,5,413,2016-04-11 07:39:04
682,71,0.96,1,5,529,2016-04-11 07:39:48
683,76,0.96,1,5,452,2016-04-11 07:41:48
684,69,0.92,1,3,22,2016-04-11 07:42:29
685,63,0.92,2,5,496,2016-04-11 07:44:07
686,61,0.90,3,3,13,2016-04-11 07:45:31
687,66,0.93,2,5,381,2016-04-11 07:46:47
688,74,0.97,2,4,649,2016-04-11 07:47:38
689,80,0.94,2,2,103,2016-04-11 07:48:40
690,76,0.94,1,4,434,2016-04-11 07:49:33
691,59,0.89,3,5,488,2016-04-11 07:50:34
692,65,0.90,4,5,3100033,2016-04-11 07:51:27
693,65,0.91,3,5,213,2016-04-11 07:52:49
694,72,0.92,3,3,3100030,2016-04-11 07:53:57
695,62,0.92,1,3,506,2016-04-11 07:55:19
696,64,0.92,4,4,3100097,2016-04-11 07:56:43
697,74,0.94,1,5,64,2016-04-11 07:57:48
698,66,0.95,1,4,21,2016-04-11 07:58:37
699,57,0.88,3,4,401,2016-04-11 07:59:41
700,65,0.89,5,5,480,2016-04-11 08:00:46
701,71,0.95,1,5,3100041,2016-04-11 08:01:44
702,75,0.94,1,5,402,2016-04-11 08:02:47
703,70,0.94,4,5,446,2016-04-11 21:30:09
704,69,0.95,1,2,281,2016-04-12 01:17:28
705,58,0.94,1,2,522,2016-04-12 01:22:06
706,72,0.98,1,3,79,2016-04-12 18:37:36
707,76,0.96,1,5,161,2016-04-13 01:40:52
708,76,0.95,1,4,12,2016-04-13 01:41:38
709,75,0.93,3,5,3100082,2016-04-13 06:51:21
710,75,0.95,2,4,3100064,2016-04-13 06:52:53
711,69,0.96,3,5,281,2016-04-13 06:54:10
712,77,0.95,3,5,218,2016-04-13 06:55:18
713,81,0.98,1,5,115,2016-04-13 06:56:20
714,67,0.95,1,5,242,2016-04-13 06:57:52
715,77,0.98,1,5,185,2016-04-13 06:58:54
716,76,0.95,2,3,599,2016-04-13 06:59:56
717,83,0.97,4,5,3100102,2016-04-13 07:00:33
718,74,0.95,3,5,61,2016-04-13 07:01:22
719,67,0.94,2,3,208,2016-04-13 07:02:12
720,73,0.94,2,5,286,2016-04-13 07:03:07
721,74,0.95,1,5,336,2016-04-13 07:03:51
722,91,0.98,1,3,295,2016-04-13 20:56:49
723,72,0.95,1,5,111,2016-04-13 20:58:03
724,74,0.96,1,3,603,2016-04-13 20:59:26
725,64,0.93,2,2,312,2016-04-15 06:05:56
726,57,0.91,2,2,525,2016-04-15 06:07:13
727,74,0.95,3,4,390,2016-04-15 06:21:22
728,73,0.94,4,5,548,2016-04-15 15:12:35
729,65,0.93,2,2,153,2016-04-15 18:11:40
730,64,0.91,2,2,124,2016-04-15 18:13:26
731,70,0.94,2,2,3100063,2016-04-15 18:15:44
732,67,0.91,3,4,3100042,2016-04-16 06:38:05
733,72,0.93,2,3,213,2016-04-16 06:39:16
734,68,0.96,1,4,330,2016-04-16 07:51:34
735,59,0.96,2,2,163,2016-04-16 07:52:57
736,66,0.97,2,2,346,2016-04-16 07:54:06
737,70,0.96,1,4,307,2016-04-16 07:54:55
738,82,0.95,1,4,32,2016-04-17 04:35:40
739,76,0.98,1,3,502,2016-04-17 04:45:16
740,71,0.94,2,3,54,2016-04-17 22:24:30
741,63,0.93,4,5,662,2016-04-18 15:01:46
742,69,0.93,4,4,652,2016-04-18 23:15:06
743,73,0.97,1,3,4,2016-04-18 23:16:08
744,77,0.94,1,3,229,2016-04-18 23:17:03
745,79,0.95,1,4,122,2016-04-19 01:32:31
746,62,0.90,4,5,350,2016-04-19 01:33:31
747,82,0.99,1,5,204,2016-04-19 01:35:46
748,76,0.94,3,5,586,2016-04-19 01:36:57
749,73,0.98,2,5,505,2016-04-19 06:43:51
750,69,0.94,3,5,506,2016-04-19 17:15:10
751,66,0.94,4,5,472,2016-04-19 17:16:52
752,79,0.95,2,4,580,2016-04-19 17:17:55
753,80,0.98,1,5,414,2016-04-19 21:07:37
754,59,0.92,3,3,446,2016-04-19 21:08:56
755,80,0.96,1,2,111,2016-04-19 21:09:58
756,78,0.94,3,5,32,2016-04-19 21:10:49
757,76,0.96,3,4,3100045,2016-04-19 21:12:09
758,74,0.96,1,4,530,2016-04-19 21:35:03
759,71,0.95,1,5,446,2016-04-19 21:35:58
760,76,0.97,2,3,166,2016-04-19 21:37:01
761,78,0.96,1,4,732,2016-04-20 05:03:12
762,84,0.98,2,3,3100059,2016-04-20 05:03:56
763,71,0.94,3,5,128,2016-04-20 05:04:52
764,71,0.95,1,3,603,2016-04-20 05:06:12
765,78,0.96,4,5,62,2016-04-20 05:48:29
766,66,0.93,2,4,487,2016-04-20 08:08:54
767,71,0.93,3,5,492,2016-04-20 08:09:39
768,75,0.98,1,5,653,2016-04-20 08:10:56
769,64,0.93,3,3,653,2016-04-20 08:12:17
770,67,0.92,3,5,3100035,2016-04-21 05:47:44
771,89,0.98,2,4,295,2016-04-21 19:00:53
772,85,0.97,1,5,390,2016-04-21 23:50:57
773,80,0.98,3,4,320,2016-04-22 01:09:00
774,67,0.93,2,4,280,2016-04-22 01:10:11
775,89,0.97,1,3,3100067,2016-04-22 01:10:52
776,74,0.95,3,4,434,2016-04-22 01:12:02
777,85,0.99,2,5,351,2016-04-22 01:38:48
778,83,0.95,2,5,294,2016-04-22 01:39:40
779,73,0.93,2,3,623,2016-04-22 03:34:45
780,82,0.99,3,5,533,2016-04-22 03:35:32
781,73,0.94,2,5,3100095,2016-04-22 06:19:42
782,73,0.94,3,3,106,2016-04-23 06:42:42
783,70,0.93,3,3,136,2016-04-23 06:43:49
784,63,0.93,1,2,411,2016-04-23 07:03:05
785,78,0.95,2,3,331,2016-04-23 07:04:21
786,60,0.85,4,4,252,2016-04-23 07:05:07
787,71,0.94,3,3,584,2016-04-23 07:06:24
788,75,0.95,2,3,561,2016-04-23 07:09:01
789,68,0.96,1,1,243,2016-04-23 15:46:18
790,81,0.95,2,4,213,2016-04-23 18:56:29
791,73,0.95,1,5,488,2016-04-23 19:58:50
792,70,0.93,4,5,486,2016-04-24 20:07:58
793,72,0.95,4,5,143,2016-04-24 20:08:48
794,77,0.97,1,4,487,2016-04-24 20:09:51
795,76,0.98,1,5,436,2016-04-24 20:10:44
796,68,0.95,2,5,48,2016-04-24 20:24:12
797,88,0.99,3,5,3100046,2016-04-24 20:25:03
798,71,0.93,5,5,72,2016-04-24 20:26:08
799,75,0.95,1,4,533,2016-04-24 20:28:53
800,73,0.96,2,3,3100029,2016-04-25 08:30:53
801,81,0.98,1,5,3100092,2016-04-25 08:31:25
802,67,0.94,2,5,3100084,2016-04-25 18:55:07
803,80,0.98,3,5,72,2016-04-25 18:55:55
804,75,0.96,2,5,511,2016-04-25 18:57:02
805,72,0.92,3,3,321,2016-04-25 18:57:57
806,78,0.97,4,4,509,2016-04-25 23:45:19
807,76,0.99,2,4,392,2016-04-26 02:53:12
808,75,0.95,1,4,367,2016-04-26 03:38:02
809,77,0.96,4,5,3100018,2016-04-26 05:59:03
810,84,0.98,2,2,3100018,2016-04-26 06:00:15
811,74,0.95,1,3,392,2016-04-26 06:02:42
812,66,0.93,5,5,6,2016-04-26 06:25:21
813,82,0.99,2,5,327,2016-04-26 06:26:11
814,69,0.94,2,4,530,2016-04-26 16:10:51
815,65,0.94,4,5,93,2016-04-26 16:12:19
816,68,0.93,3,4,554,2016-04-26 16:13:12
817,70,0.94,3,3,625,2016-04-26 20:01:46
818,72,0.98,4,5,41,2016-04-26 20:02:37
819,93,0.99,1,4,3100046,2016-04-26 20:03:19
820,74,0.94,1,5,511,2016-04-26 21:20:13
821,82,0.97,1,4,3100028,2016-04-26 21:20:52
822,72,0.95,1,4,168,2016-04-26 21:24:58
823,90,0.98,2,5,327,2016-04-26 21:25:45
824,75,0.95,3,4,119,2016-04-26 23:21:52
825,74,0.94,4,4,377,2016-04-26 23:23:21
826,72,0.93,1,4,303,2016-04-26 23:27:27
827,75,0.95,4,5,350,2016-04-26 23:28:28
828,79,0.96,2,5,3100013,2016-04-28 01:50:06
829,76,0.94,4,5,51,2016-04-28 21:05:50
830,75,0.95,1,3,487,2016-04-28 21:06:55
831,66,0.94,1,3,242,2016-04-28 21:08:25
832,83,0.96,1,5,6,2016-04-30 06:22:50
833,62,0.92,2,3,3100079,2016-04-30 06:34:38
834,79,0.96,1,3,3100014,2016-04-30 06:35:46
835,75,0.98,1,4,3100073,2016-04-30 06:36:30
836,63,0.92,1,4,500,2016-04-30 06:37:37
837,67,0.96,2,3,206,2016-04-30 07:06:09
838,85,0.99,1,4,134,2016-04-30 07:06:57
839,77,0.94,2,5,670,2016-04-30 08:06:07
840,75,0.95,1,4,3100048,2016-04-30 19:23:14
841,73,0.96,2,3,3100074,2016-04-30 20:05:08
842,84,0.98,1,4,60,2016-04-30 20:05:43
843,79,0.94,1,3,234,2016-04-30 23:07:58
844,75,0.98,2,5,426,2016-04-30 23:24:22
845,68,0.95,2,5,618,2016-05-01 06:30:48
846,65,0.96,5,5,3100107,2016-05-01 17:19:48
847,84,0.97,1,5,3100015,2016-05-02 02:15:36
848,79,0.98,2,4,3100007,2016-05-02 07:44:05
849,82,0.98,3,5,390,2016-05-02 18:35:38
850,68,0.97,3,4,519,2016-05-02 18:36:44
851,87,0.97,2,5,354,2016-05-02 19:54:18
852,68,0.94,4,5,3100109,2016-05-02 19:59:57
853,75,0.96,1,4,324,2016-05-04 20:14:26
854,71,0.93,3,5,3100058,2016-05-05 19:43:24
855,71,0.92,2,5,18,2016-05-08 05:24:42
856,76,0.98,2,4,436,2016-05-08 19:18:22
857,71,0.93,2,3,558,2016-05-09 08:11:20
858,79,0.97,1,4,3100082,2016-05-09 08:12:18
859,80,0.98,2,4,305,2016-05-09 18:03:47
860,90,0.99,1,4,122,2016-05-09 18:41:48
861,74,0.94,2,2,658,2016-05-09 18:43:45
862,74,0.94,2,3,649,2016-05-09 18:45:07
863,81,0.98,1,2,3100068,2016-05-09 18:46:20
864,68,0.95,2,4,469,2016-05-09 18:48:24
865,79,0.96,4,5,234,2016-05-10 19:51:04
866,74,0.97,1,4,705,2016-05-11 23:29:02
867,76,0.97,1,3,330,2016-05-14 18:49:49
868,75,0.98,1,3,205,2016-05-14 18:50:39
869,82,0.98,1,2,649,2016-05-14 18:51:39
870,74,0.96,3,4,62,2016-05-15 18:09:50
871,83,0.96,2,4,413,2016-05-15 18:10:43
872,80,0.96,3,5,26,2016-05-15 18:11:48
873,73,0.94,2,4,3100085,2016-05-15 18:12:36
874,79,0.96,2,3,65,2016-05-15 18:13:17
875,72,0.96,2,5,436,2016-05-15 18:14:06
876,74,0.95,5,5,3100053,2016-05-15 18:15:09
877,75,0.96,1,3,695,2016-05-15 18:16:10
878,91,0.99,1,5,413,2016-05-16 18:13:05
879,67,0.96,3,5,49,2016-05-16 18:20:53
880,74,0.97,3,4,629,2016-05-16 21:43:18
881,83,0.97,1,4,3100105,2016-05-16 21:43:55
882,62,0.89,4,5,243,2016-05-17 23:28:23
883,82,0.99,1,4,3100052,2016-05-18 18:10:43
884,66,0.93,3,4,148,2016-05-18 18:12:08
885,64,0.92,2,3,3100056,2016-05-19 01:00:29
886,71,0.92,4,5,298,2016-05-19 01:02:41
887,81,0.96,2,5,571,2016-05-19 01:05:25
888,73,0.94,2,5,11,2016-05-19 05:21:49
889,76,0.94,1,2,537,2016-05-19 05:23:41
890,66,0.92,2,2,634,2016-05-19 05:25:51
891,73,0.94,2,2,3100044,2016-05-19 05:26:54
892,71,0.94,2,2,488,2016-05-19 05:27:54
893,71,0.87,1,2,430,2016-05-19 05:29:34
894,72,0.86,1,2,212,2016-05-19 05:31:03
895,77,0.88,1,2,531,2016-05-19 05:32:37
896,74,0.83,2,2,3100028,2016-05-19 05:33:52
897,94,0.95,1,2,678,2016-05-19 05:35:07
898,99,0.94,1,2,241,2016-05-19 05:36:15
899,77,0.89,1,2,269,2016-05-19 05:37:57
900,98,0.94,1,2,694,2016-05-19 05:38:46
901,79,0.93,1,2,625,2016-05-19 05:40:58
902,90,0.93,1,2,535,2016-05-19 05:42:04
903,83,0.94,1,2,280,2016-05-19 05:43:38
904,83,0.92,1,2,392,2016-05-19 05:45:02
905,78,0.91,1,2,436,2016-05-19 05:46:03
906,86,0.95,1,2,589,2016-05-19 05:47:24
907,84,0.96,3,5,78,2016-05-20 19:05:43
908,88,1.00,1,4,200,2016-05-22 00:45:09
909,86,0.97,1,3,338,2016-05-22 00:53:38
910,80,0.98,2,4,697,2016-05-22 00:54:31
911,72,0.95,1,5,3100066,2016-05-22 00:55:18
912,76,0.95,3,4,3100100,2016-05-22 00:55:53
913,64,0.94,3,5,513,2016-05-22 00:56:49
914,79,0.95,4,5,229,2016-05-22 00:57:39
915,70,0.94,2,3,3100041,2016-05-22 00:58:46
916,87,0.98,1,5,354,2016-05-22 00:59:27
917,78,0.95,4,5,3100052,2016-05-23 21:53:56
918,76,0.96,2,2,4,2016-05-23 22:17:52
919,84,0.98,2,2,172,2016-05-23 22:18:58
920,73,0.95,4,4,717,2016-05-24 07:57:28
921,71,0.93,1,4,634,2016-05-24 07:58:55
922,75,0.91,3,4,548,2016-05-24 21:14:09
923,81,0.96,2,2,73,2016-05-24 21:16:30
924,85,0.96,2,5,209,2016-05-24 22:52:16
925,85,0.96,3,5,204,2016-05-24 22:54:39
926,71,0.96,4,4,83,2016-05-25 15:20:51
927,78,0.97,2,2,639,2016-05-29 22:26:28
928,76,0.98,2,5,231,2016-05-30 00:01:39
929,74,0.94,4,4,275,2016-05-30 00:02:54
930,72,0.94,1,4,537,2016-05-31 03:36:00
931,70,0.96,2,5,3100071,2016-05-31 03:36:52
932,73,0.90,2,4,295,2016-05-31 03:37:51
933,70,0.96,3,5,60,2016-05-31 03:39:30
934,75,0.94,4,5,408,2016-05-31 03:40:40
935,64,0.89,2,3,5,2016-05-31 03:42:39
936,76,0.98,2,4,121,2016-05-31 20:30:49
937,79,0.97,2,4,653,2016-05-31 20:31:59
938,80,0.96,2,5,3100028,2016-06-01 00:59:50
939,77,0.96,4,4,601,2016-06-01 06:18:53
940,76,0.93,2,5,86,2016-06-01 06:19:43
941,68,0.92,1,5,239,2016-06-01 06:20:48
942,74,0.94,2,5,683,2016-06-01 06:24:25
943,65,0.96,3,5,302,2016-06-01 16:14:54
944,79,0.97,3,3,218,2016-06-01 16:16:07
945,76,0.98,1,5,3100009,2016-06-01 16:22:27
946,84,0.98,5,5,358,2016-06-01 16:23:55
947,76,0.96,3,5,3100105,2016-06-01 16:40:54
948,82,0.98,1,5,3100005,2016-06-01 16:41:47
949,65,0.94,3,5,729,2016-06-01 16:42:48
950,74,0.95,2,5,52,2016-06-02 03:13:06
951,80,0.97,3,3,210,2016-06-02 19:10:53
952,77,0.96,2,5,3100004,2016-06-02 19:11:59
953,72,0.96,1,3,3100073,2016-06-02 22:03:04
954,81,0.99,1,4,301,2016-06-02 22:03:43
955,81,0.94,1,4,428,2016-06-02 22:04:24
956,69,0.96,1,4,277,2016-06-02 22:05:26
957,67,0.93,2,3,219,2016-06-02 22:07:12
958,78,0.94,1,2,687,2016-06-02 22:08:08
959,71,0.97,1,4,381,2016-06-03 05:53:34
960,79,0.98,1,5,3100066,2016-06-03 05:54:17
961,70,0.94,2,2,478,2016-06-03 08:36:21
962,77,0.99,1,5,3100073,2016-06-03 08:37:01
963,70,0.94,2,5,491,2016-06-03 08:38:15
964,74,0.95,3,3,419,2016-06-03 08:39:39
965,78,0.95,1,5,81,2016-06-03 08:40:56
966,83,0.97,1,5,285,2016-06-03 08:41:44
967,83,0.99,1,3,142,2016-06-03 08:42:44
968,71,0.91,3,3,3100018,2016-06-03 08:44:05
969,77,0.96,3,5,118,2016-06-03 08:45:36
970,73,0.94,2,5,416,2016-06-03 08:46:36
971,84,0.97,1,5,660,2016-06-03 08:47:25
972,77,0.96,3,3,439,2016-06-03 08:50:46
973,74,0.95,1,3,12,2016-06-03 23:50:06
974,74,0.94,4,5,434,2016-06-03 23:50:59
975,86,0.97,1,3,179,2016-06-03 23:52:24
976,82,0.95,4,5,3100051,2016-06-04 04:10:48
977,75,0.98,2,3,31,2016-06-04 20:29:17
978,75,0.97,4,5,3100018,2016-06-04 20:30:34
979,73,0.95,1,4,618,2016-06-05 02:53:28
980,75,0.94,1,2,155,2016-06-05 11:32:42
981,85,0.96,1,4,42,2016-06-05 11:33:36
982,90,0.99,4,5,3100026,2016-06-05 20:55:53
983,73,0.91,2,3,3100049,2016-06-05 20:57:09
984,65,0.88,3,4,3100070,2016-06-05 22:51:42
985,77,0.93,2,3,486,2016-06-05 22:52:26
986,80,0.95,1,3,42,2016-06-05 22:53:20
987,70,0.94,2,2,163,2016-06-05 23:20:19
988,73,0.95,1,4,3100029,2016-06-05 23:21:28
989,72,0.90,2,5,234,2016-06-06 00:32:06
990,77,0.95,3,4,287,2016-06-06 00:33:19
991,62,0.92,1,2,88,2016-06-06 00:34:57
992,74,0.93,1,3,627,2016-06-06 00:36:16
993,70,0.92,1,3,306,2016-06-06 00:37:35
994,75,0.96,2,3,231,2016-06-06 06:46:10
995,82,0.97,1,3,566,2016-06-06 06:47:09
996,66,0.93,2,5,35,2016-06-06 19:27:30
997,75,0.96,2,3,391,2016-06-06 19:31:01
998,80,0.97,2,3,3100030,2016-06-06 19:32:07
999,76,0.96,3,5,374,2016-06-06 23:29:02
1000,90,0.98,1,4,3100031,2016-06-08 06:12:11
1001,82,0.95,1,4,122,2016-06-08 06:13:06
1002,58,0.89,2,4,3100026,2016-06-08 06:13:58
1003,79,0.96,2,5,3100100,2016-06-08 06:19:29
1004,93,0.99,2,5,502,2016-06-08 06:20:09
1005,78,0.98,1,2,155,2016-06-08 06:22:28
1006,71,0.93,1,3,3100065,2016-06-08 06:23:30
1007,75,0.94,3,4,30,2016-06-08 06:24:25
1008,73,0.94,2,2,556,2016-06-08 06:25:28
1009,77,0.96,4,4,616,2016-06-08 06:26:30
1010,76,0.98,4,5,89,2016-06-08 08:38:09
1011,72,0.96,2,4,3100004,2016-06-08 23:42:19
1012,75,0.96,1,3,315,2016-06-09 00:11:40
1013,66,0.94,4,5,187,2016-06-09 00:29:38
1014,79,0.99,1,4,436,2016-06-09 00:30:31
1015,73,0.96,2,4,83,2016-06-09 00:31:52
1016,77,0.96,1,4,83,2016-06-09 00:33:08
1017,80,0.96,3,3,3100019,2016-06-09 00:34:26
1018,72,0.95,3,5,250,2016-06-09 00:35:20
1019,71,0.94,3,5,494,2016-06-09 00:36:37
1020,68,0.91,3,5,6,2016-06-09 00:37:55
1021,70,0.93,3,5,436,2016-06-09 00:38:47
1022,70,0.94,5,5,3100098,2016-06-09 10:01:02
1023,77,0.95,1,3,639,2016-06-09 10:10:06
1024,78,0.94,1,3,5,2016-06-09 10:27:55
1025,80,0.97,3,5,544,2016-06-09 10:28:40
1026,74,0.94,2,4,338,2016-06-10 06:25:04
1027,80,0.97,2,5,300,2016-06-10 07:08:00
1028,73,0.93,2,5,3100070,2016-06-10 09:03:40
1029,76,0.95,2,3,480,2016-06-10 09:04:43
1030,81,1.00,2,3,545,2016-06-10 09:05:28
1031,65,0.92,2,5,3100093,2016-06-10 09:06:30
1032,83,0.96,2,4,187,2016-06-10 09:07:33
1033,77,0.96,5,5,413,2016-06-10 09:24:08
1034,59,0.92,2,3,262,2016-06-10 09:25:03
1035,71,0.95,3,5,33,2016-06-10 09:25:44
1036,75,0.96,2,4,429,2016-06-10 09:26:34
1037,60,0.90,4,5,3100065,2016-06-10 19:56:24
1038,71,0.91,3,4,324,2016-06-11 04:08:49
1039,80,0.96,2,4,455,2016-06-12 18:50:54
1040,85,0.96,2,5,486,2016-06-12 18:51:35
1041,72,0.94,2,5,3100006,2016-06-14 04:32:23
1042,89,0.97,1,3,548,2016-06-14 04:33:06
1043,63,0.93,2,5,3100091,2016-06-14 04:43:59
1044,74,0.95,3,5,3100037,2016-06-14 04:46:31
1045,79,0.96,3,3,3100098,2016-06-14 22:38:44
1046,66,0.92,5,5,3100060,2016-06-14 22:39:33
1047,94,1.00,2,5,486,2016-06-15 04:49:57
1048,84,0.95,1,2,362,2016-06-15 05:00:16
1049,82,0.94,1,2,3100039,2016-06-15 05:02:08
1050,76,0.93,2,3,351,2016-06-15 05:03:53
1051,75,0.91,2,5,30,2016-06-15 10:53:53
1052,84,0.95,1,5,17,2016-06-15 10:55:02
1053,73,0.94,1,3,221,2016-06-15 10:56:23
1054,87,0.97,1,5,3100098,2016-06-15 10:57:52
1055,90,0.95,2,5,3100067,2016-06-15 11:20:51
1056,68,0.96,1,2,147,2016-06-15 12:35:13
1057,70,0.89,3,4,416,2016-06-15 12:36:03
1058,78,0.93,1,4,209,2016-06-15 12:37:22
1059,86,0.95,3,5,3100031,2016-06-15 12:38:29
1060,84,0.93,1,2,3100015,2016-06-15 12:39:15
1061,81,0.95,2,4,238,2016-06-15 12:41:40
1062,75,0.89,3,3,326,2016-06-15 12:42:40
1063,80,0.97,1,5,3100090,2016-06-15 12:43:30
1064,73,0.90,4,5,3100042,2016-06-15 21:07:58
1065,80,0.95,3,5,61,2016-06-15 22:03:39
1066,73,0.93,1,5,95,2016-06-15 22:04:48
1067,82,0.96,1,4,419,2016-06-16 01:23:48
1068,72,0.91,2,5,102,2016-06-16 01:24:54
1069,77,0.96,2,5,228,2016-06-16 01:25:47
1070,78,0.94,1,2,205,2016-06-16 01:26:43
1071,67,0.89,3,3,19,2016-06-16 08:35:02
1072,85,0.97,1,5,3100011,2016-06-16 08:35:46
1073,70,0.95,1,5,79,2016-06-17 11:57:21
1074,70,0.94,4,4,3100105,2016-06-17 11:58:48
1075,72,0.94,3,3,3100107,2016-06-17 12:55:11
1076,79,0.97,1,5,171,2016-06-17 12:56:17
1077,82,0.98,2,3,42,2016-06-17 23:42:19
1078,67,0.96,4,5,67,2016-06-17 23:43:29
1079,69,0.97,3,3,415,2016-06-17 23:44:18
1080,87,0.99,4,5,32,2016-06-18 06:59:20
1081,85,0.97,1,5,61,2016-06-18 21:57:57
1082,71,0.92,3,4,3100085,2016-06-18 21:58:54
1083,71,0.94,1,3,156,2016-06-18 22:00:17
1084,66,0.89,1,3,599,2016-06-18 22:01:31
1085,69,0.92,3,4,350,2016-06-18 23:58:35
1086,78,0.95,1,4,245,2016-06-18 23:59:20
1087,68,0.90,3,4,3100053,2016-06-19 00:00:21
1088,75,0.94,2,3,105,2016-06-20 00:36:49
1089,78,0.98,1,4,91,2016-06-20 00:57:37
1090,71,0.94,3,5,80,2016-06-20 00:58:32
1091,87,0.95,1,5,502,2016-06-20 01:00:35
1092,73,0.92,2,4,34,2016-06-20 01:01:48
1093,76,0.95,1,5,323,2016-06-20 02:27:41
1094,69,0.94,3,4,256,2016-06-20 02:28:47
1095,76,0.94,3,4,108,2016-06-20 02:30:04
1096,77,0.94,2,4,687,2016-06-20 02:32:53
1097,71,0.93,3,3,200,2016-06-20 03:01:07
1098,74,0.95,2,3,3100071,2016-06-20 03:02:02
1099,87,0.97,2,4,3100013,2016-06-22 06:03:49
1100,90,1.00,1,4,224,2016-06-22 06:04:49
1101,82,0.98,1,3,3100081,2016-06-22 06:07:13
1102,77,0.95,2,3,429,2016-06-22 06:09:17
1103,81,0.97,2,4,106,2016-06-22 06:10:05
1104,71,0.94,2,4,675,2016-06-22 06:11:23
1105,70,0.92,3,3,181,2016-06-22 19:20:50
1106,84,0.97,2,5,574,2016-06-23 08:05:09
1107,79,0.96,2,5,34,2016-06-23 08:05:54
1108,85,0.97,2,5,300,2016-06-24 15:24:31
1109,68,0.91,3,3,215,2016-06-24 17:02:33
1110,74,0.96,2,3,290,2016-06-24 17:03:44
1111,71,0.95,1,5,89,2016-06-24 20:39:55
1112,79,0.97,1,5,78,2016-06-24 20:43:24
1113,78,0.97,1,3,436,2016-06-24 21:16:11
1114,72,0.93,4,4,24,2016-06-25 07:18:04
1115,78,0.92,4,4,116,2016-06-25 07:19:31
1116,84,0.98,1,3,35,2016-06-25 10:20:12
1117,71,0.94,2,3,59,2016-06-25 11:11:20
1118,70,0.95,1,4,3100073,2016-06-25 11:15:48
1119,65,0.94,1,2,545,2016-06-25 11:16:35
1120,71,0.96,2,4,16,2016-06-25 11:17:47
1121,69,0.93,1,4,207,2016-06-25 11:19:01
1122,73,0.93,2,3,34,2016-06-26 20:35:23
1123,67,0.95,2,3,458,2016-06-26 20:36:35
1124,84,0.96,2,3,258,2016-06-26 20:37:50
1125,68,0.95,1,3,3100057,2016-06-26 22:51:57
1126,82,0.97,2,4,100,2016-06-26 22:52:44
1127,75,0.94,1,3,582,2016-06-26 22:54:07
1128,89,1.00,2,3,348,2016-06-26 22:54:48
1129,68,0.96,4,5,66,2016-06-27 09:46:48
1130,72,0.95,4,5,396,2016-06-28 17:02:26
1131,81,0.96,1,4,384,2016-06-28 18:37:41
1132,85,0.97,3,5,535,2016-06-28 18:38:33
1133,72,0.93,3,5,228,2016-06-28 18:39:36
1134,81,0.94,1,3,3100031,2016-06-28 18:41:55
1135,79,0.97,2,3,425,2016-06-28 18:44:14
1136,71,0.94,2,3,26,2016-06-28 18:45:46
1137,75,0.93,2,4,128,2016-06-29 03:03:56
1138,69,0.93,2,4,558,2016-06-29 03:05:09
1139,43,0.93,3,2,425,2016-06-29 03:06:50
1140,77,0.93,2,3,3100012,2016-06-29 03:08:28
1141,64,0.90,2,3,275,2016-06-29 03:12:44
1142,81,0.97,1,5,153,2016-06-29 04:56:57
1143,75,0.92,1,3,24,2016-06-29 04:58:17
1144,68,0.94,2,5,142,2016-06-29 04:59:18
1145,74,0.92,2,4,101,2016-06-29 05:00:35
1146,68,0.91,1,4,348,2016-06-29 05:18:39
1147,82,1.00,1,4,3100095,2016-06-29 18:57:27
1148,64,0.90,1,3,50,2016-06-29 19:43:46
1149,76,0.99,1,4,43,2016-06-29 19:44:40
1150,83,0.95,2,4,580,2016-06-30 23:54:00
1151,75,0.94,2,4,3100016,2016-06-30 23:55:41
1152,69,0.92,2,2,60,2016-06-30 23:57:21
1153,78,0.96,2,3,489,2016-06-30 23:58:46
1154,41,0.92,4,2,206,2016-07-01 00:01:54
1155,74,0.95,2,4,446,2016-07-01 00:02:57
1156,74,0.91,1,5,358,2016-07-01 21:59:46
1157,71,0.94,3,5,647,2016-07-01 22:00:34
1158,70,0.93,4,5,153,2016-07-01 22:01:41
1159,73,0.95,2,4,374,2016-07-01 22:03:06
1160,80,0.96,1,4,241,2016-07-02 05:27:52
1161,72,0.96,3,3,588,2016-07-02 05:28:45
1162,77,0.95,1,3,246,2016-07-02 21:34:56
1163,79,0.98,1,4,582,2016-07-03 01:36:12
1164,83,0.94,2,5,301,2016-07-03 01:36:53
1165,83,0.93,3,4,3100044,2016-07-03 06:59:14
1166,73,0.94,4,5,226,2016-07-03 07:00:22
1167,63,0.96,2,3,522,2016-07-04 00:58:11
1168,46,0.89,3,3,666,2016-07-04 01:00:20
1169,71,0.95,1,4,556,2016-07-04 06:58:29
1170,70,0.94,1,4,296,2016-07-04 06:59:18
1171,77,0.93,2,5,3100000,2016-07-06 00:14:44
1172,85,0.95,4,5,666,2016-07-06 00:15:52
1173,79,0.95,3,4,402,2016-07-06 06:45:42
1174,67,0.91,2,5,535,2016-07-06 06:46:43
1175,77,0.95,1,5,172,2016-07-06 06:47:32
1176,86,0.97,1,5,3100044,2016-07-06 06:48:11
1177,73,0.95,2,5,299,2016-07-06 06:49:21
1178,91,1.00,1,5,505,2016-07-06 06:50:12
1179,67,0.89,2,3,666,2016-07-06 20:44:38
1180,76,0.95,5,5,3100032,2016-07-07 22:29:58
1181,72,0.93,1,2,55,2016-07-07 22:31:39
1182,80,0.97,1,2,528,2016-07-07 22:33:27
1183,74,0.95,2,3,3100050,2016-07-10 01:10:26
1184,86,0.98,2,3,3100001,2016-07-10 01:11:51
1185,68,0.92,2,3,616,2016-07-10 01:13:23
1186,66,0.93,2,3,3100073,2016-07-10 01:14:41
1187,83,0.98,2,3,144,2016-07-10 01:15:58
1188,74,0.95,2,3,110,2016-07-10 01:17:27
1189,85,0.97,2,3,284,2016-07-10 01:18:50
1190,85,0.96,3,5,320,2016-07-10 04:15:58
1191,63,0.93,1,4,3100059,2016-07-10 04:17:04
1192,82,0.95,2,5,134,2016-07-10 04:17:49
1193,81,0.95,1,5,52,2016-07-10 04:18:50
1194,81,0.95,2,5,489,2016-07-10 04:19:56
1195,77,0.97,3,5,104,2016-07-11 20:51:38
1196,71,0.93,2,3,412,2016-07-12 01:24:10
1197,70,0.93,2,5,3100024,2016-07-12 01:25:04
1198,86,0.97,4,5,53,2016-07-12 01:25:43
1199,86,0.97,1,5,3100072,2016-07-12 01:27:28
1200,70,0.94,3,5,306,2016-07-12 01:28:43
1201,77,0.95,3,5,683,2016-07-12 01:30:05
1202,80,0.93,2,3,3100059,2016-07-12 01:30:54
1203,75,0.89,1,2,241,2016-07-12 01:31:58
1204,87,1.00,2,5,35,2016-07-12 01:32:43
1205,68,0.92,3,4,3100077,2016-07-12 01:33:49
1206,68,0.94,3,5,3,2016-07-12 01:36:58
1207,82,0.97,1,4,3100053,2016-07-12 07:33:50
1208,77,0.98,1,5,80,2016-07-12 07:34:42
1209,83,0.98,1,3,355,2016-07-12 07:35:41
1210,78,0.95,2,2,3100109,2016-07-12 07:37:16
1211,81,0.94,2,2,452,2016-07-12 07:38:25
1212,92,0.99,2,2,245,2016-07-12 07:39:19
1213,74,0.92,2,2,456,2016-07-12 07:41:08
1214,74,0.93,2,2,620,2016-07-12 07:42:19
1215,71,0.93,2,3,3100035,2016-07-12 07:47:10
1216,70,0.97,1,4,23,2016-07-12 07:47:58
1217,73,0.95,2,5,403,2016-07-12 18:49:27
1218,81,0.96,2,4,3100041,2016-07-12 23:36:46
1219,79,0.97,1,4,426,2016-07-13 05:14:07
1220,85,0.96,1,4,3100034,2016-07-13 05:16:18
1221,77,0.93,3,4,3100092,2016-07-13 22:14:07
1222,88,0.98,2,4,160,2016-07-14 02:13:59
1223,83,0.97,3,4,3100039,2016-07-14 02:44:05
1224,71,0.97,2,3,500,2016-07-14 02:45:25
1225,68,0.95,2,3,194,2016-07-14 02:46:47
1226,91,0.98,1,5,295,2016-07-14 02:47:21
1227,75,0.95,3,5,519,2016-07-14 02:48:17
1228,74,0.93,4,4,3100062,2016-07-14 03:16:35
1229,86,0.97,1,3,535,2016-07-14 03:19:17
1230,85,0.97,4,5,3100080,2016-07-14 03:20:14
1231,85,0.95,1,3,229,2016-07-14 03:21:59
1232,69,0.94,2,5,245,2016-07-14 03:22:54
1233,74,0.91,1,2,3100107,2016-07-14 03:23:36
1234,80,0.97,1,4,732,2016-07-14 03:24:18
1235,84,0.96,1,4,103,2016-07-14 03:25:28
1236,79,0.97,2,4,172,2016-07-14 03:26:19
1237,81,0.98,2,5,546,2016-07-14 03:27:07
1238,76,0.95,2,4,630,2016-07-14 03:28:36
1239,74,0.94,1,2,381,2016-07-14 03:29:52
1240,70,0.91,3,5,288,2016-07-14 03:30:47
1241,74,0.91,3,4,149,2016-07-14 03:32:03
1242,68,0.95,2,3,613,2016-07-14 19:14:02
1243,70,0.92,2,3,11,2016-07-14 19:15:18
1244,86,0.98,2,3,352,2016-07-14 19:16:54
1245,83,0.96,2,3,416,2016-07-14 19:18:09
1246,90,0.99,1,3,3100067,2016-07-14 19:32:36
1247,69,0.94,2,5,66,2016-07-14 19:33:51
1248,79,0.95,3,5,3100021,2016-07-15 00:27:28
1249,83,0.98,1,5,12,2016-07-15 00:28:06
1250,76,0.95,1,4,3100012,2016-07-15 05:40:30
1251,87,0.97,2,3,3100104,2016-07-16 05:41:00
1252,66,0.89,3,5,12,2016-07-16 05:41:59
1253,76,0.96,2,4,634,2016-07-16 05:43:21
1254,87,0.96,1,2,36,2016-07-16 05:44:27
1255,78,0.94,1,3,108,2016-07-17 05:14:25
1256,85,0.97,4,4,3100084,2016-07-17 05:42:37
1257,84,0.96,2,5,171,2016-07-17 06:03:52
1258,81,0.94,1,4,234,2016-07-17 07:06:09
1259,77,0.97,2,4,9,2016-07-17 07:07:06
1260,79,0.92,5,5,3100083,2016-07-17 07:08:47
1261,82,0.98,2,5,3100079,2016-07-17 07:12:28
1262,78,0.95,2,5,3100026,2016-07-17 07:13:10
1263,70,0.93,2,2,3100108,2016-07-17 15:10:03
1264,82,0.98,2,4,3100006,2016-07-18 20:45:14
1265,75,0.93,5,5,386,2016-07-18 20:46:32
1266,71,0.92,5,5,566,2016-07-18 20:48:02
1267,89,0.96,3,5,580,2016-07-18 20:49:37
1268,73,0.95,3,5,491,2016-07-18 21:19:19
1269,85,0.97,1,4,541,2016-07-18 21:20:00
1270,69,0.93,2,3,462,2016-07-18 23:22:30
1271,76,0.92,2,4,689,2016-07-18 23:23:47
1272,69,0.90,3,4,3100084,2016-07-18 23:25:04
1273,80,0.93,4,5,588,2016-07-19 03:26:49
1274,81,0.93,3,3,64,2016-07-19 03:27:46
1275,78,0.95,3,3,263,2016-07-19 03:29:01
1276,81,0.97,4,5,558,2016-07-19 05:11:42
1277,70,0.96,4,4,422,2016-07-19 05:20:32
1278,75,0.95,1,4,3100049,2016-07-20 02:18:20
1279,90,0.99,2,5,344,2016-07-20 02:19:13
1280,76,0.96,1,5,317,2016-07-20 02:20:19
1281,82,0.95,1,4,3100063,2016-07-20 02:21:49
1282,76,0.96,1,2,3100091,2016-07-20 02:22:37
1283,85,0.95,4,4,3100085,2016-07-20 02:23:49
1284,86,0.95,1,5,703,2016-07-20 02:25:03
1285,69,0.89,4,4,3100003,2016-07-20 02:26:05
1286,92,0.99,2,5,541,2016-07-20 04:11:45
1287,76,0.94,1,5,3100069,2016-07-20 04:13:43
1288,80,0.94,2,5,266,2016-07-20 04:15:27
1289,76,0.93,3,4,388,2016-07-20 04:16:29
1290,74,0.92,1,3,31,2016-07-20 04:17:20
1291,68,0.91,5,5,161,2016-07-20 17:44:56
1292,78,0.96,3,5,3100052,2016-07-20 17:46:01
1293,82,0.96,1,4,451,2016-07-21 02:15:14
1294,74,0.94,4,5,193,2016-07-21 04:51:11
1295,89,0.99,1,4,3100051,2016-07-21 20:31:55
1296,75,0.92,3,4,430,2016-07-21 23:38:11
1297,81,0.96,2,4,3100063,2016-07-22 22:09:03
1298,78,0.96,4,5,546,2016-07-22 23:17:59
1299,79,0.94,1,2,342,2016-07-23 22:24:57
1300,76,0.94,2,5,3100069,2016-07-23 22:25:37
1301,94,0.98,1,4,655,2016-07-23 22:26:16
1302,75,0.91,2,3,252,2016-07-23 22:26:59
1303,71,0.95,3,4,83,2016-07-24 00:48:21
1304,78,0.94,2,4,61,2016-07-24 01:08:09
1305,77,0.94,4,5,179,2016-07-24 01:09:39
1306,80,0.97,1,4,231,2016-07-25 07:02:33
1307,69,0.89,3,3,3100066,2016-07-26 08:31:40
1308,74,0.94,3,5,179,2016-07-26 08:33:11
1309,82,0.95,1,5,3100104,2016-07-26 08:33:49
1310,89,0.97,3,4,3100031,2016-07-26 08:34:52
1311,72,0.91,1,5,3100054,2016-07-26 08:35:19
1312,79,0.97,1,5,429,2016-07-26 08:36:08
1313,88,0.97,2,5,320,2016-07-26 08:36:53
1314,83,0.94,1,3,3100017,2016-07-26 08:38:06
1315,77,0.94,2,4,3100030,2016-07-26 08:40:26
1316,64,0.91,1,2,79,2016-07-26 08:41:20
1317,70,0.92,1,2,351,2016-07-26 08:42:35
1318,72,0.94,2,5,485,2016-07-26 08:44:32
1319,66,0.92,2,3,118,2016-07-26 08:45:42
1320,77,0.96,1,5,364,2016-07-28 00:49:32
1321,86,0.97,3,4,3100040,2016-07-28 04:04:14
1322,63,0.93,2,5,166,2016-07-28 04:05:33
1323,78,0.97,3,5,715,2016-07-28 17:50:09
1324,79,0.95,2,5,148,2016-07-28 18:29:54
1325,71,0.93,2,5,406,2016-07-28 18:31:04
1326,75,0.95,4,5,3100036,2016-07-28 18:31:55
1327,86,0.98,1,5,18,2016-07-29 06:29:18
1328,72,0.94,4,5,367,2016-07-29 17:08:14
1329,70,0.95,2,5,3100041,2016-07-29 17:09:18
1330,74,0.91,3,3,3100015,2016-07-29 23:14:08
1331,69,0.95,1,3,212,2016-07-29 23:15:19
1332,75,0.96,2,4,556,2016-07-29 23:16:26
1333,83,0.97,1,3,694,2016-07-30 02:20:15
1334,81,0.98,1,4,58,2016-07-30 02:21:00
1335,76,0.97,2,4,3100065,2016-07-30 02:23:23
1336,73,0.95,4,4,171,2016-07-30 04:23:21
1337,74,0.96,2,5,286,2016-07-31 18:42:36
1338,73,0.95,4,5,392,2016-07-31 18:43:56
1339,87,0.97,2,3,457,2016-08-01 05:31:25
1340,65,0.95,2,2,3100061,2016-08-01 05:34:01
1341,73,0.96,2,4,46,2016-08-01 05:35:24
1342,78,0.96,3,4,81,2016-08-01 05:36:26
1343,90,0.99,1,5,327,2016-08-01 05:37:13
1344,71,0.94,2,5,418,2016-08-02 07:16:48
1345,73,0.96,2,5,74,2016-08-02 18:50:23
1346,82,0.97,2,4,505,2016-08-02 18:51:13
1347,82,0.98,1,4,174,2016-08-03 00:26:50
1348,80,0.95,3,5,563,2016-08-04 07:05:04
1349,85,0.98,3,5,3100059,2016-08-04 21:28:35
1350,84,0.98,3,5,3100039,2016-08-04 21:29:24
1351,80,0.96,1,5,436,2016-08-04 21:30:45
1352,74,0.95,4,5,35,2016-08-09 21:11:59
1353,82,0.96,4,4,700,2016-08-09 21:12:48
1354,91,0.98,1,2,3100090,2016-08-12 05:21:00
1355,87,0.98,1,4,158,2016-08-12 05:22:15
1356,73,0.95,1,2,406,2016-08-12 05:23:26
1357,76,0.94,2,4,559,2016-08-12 05:24:15
1358,71,0.94,3,4,135,2016-08-12 05:25:22
1359,75,0.91,2,4,359,2016-08-12 06:12:19
1360,70,0.95,2,5,743,2016-08-12 06:13:51
1361,91,0.98,1,4,3100080,2016-08-13 19:53:24
1362,79,0.95,2,5,729,2016-08-13 19:54:44
1363,75,0.90,2,2,3100040,2016-08-13 19:56:24
1364,78,0.95,1,4,59,2016-08-13 22:50:16
1365,94,0.99,2,5,295,2016-08-13 22:50:47
1366,84,0.96,2,5,3100028,2016-08-13 22:51:35
1367,81,0.93,2,2,451,2016-08-13 22:52:44
1368,62,0.89,2,2,458,2016-08-13 22:53:58
1369,68,0.91,2,5,141,2016-08-13 23:36:23
1370,68,0.92,2,3,5,2016-08-14 20:37:23
1371,80,0.95,2,5,430,2016-08-14 22:00:01
1372,91,0.96,1,3,241,2016-08-14 22:25:11
1373,73,0.91,1,2,457,2016-08-14 22:38:55
1374,72,0.94,1,4,651,2016-08-16 06:29:41
1375,64,0.92,3,3,391,2016-08-16 06:30:58
1376,78,0.98,2,5,3100099,2016-08-16 06:33:36
1377,70,0.93,2,3,3100043,2016-08-16 07:00:56
1378,84,0.98,1,4,198,2016-08-16 07:02:52
1379,89,0.97,1,5,457,2016-08-16 07:24:46
1380,67,0.91,1,2,3100037,2016-08-16 07:26:11
1381,96,0.95,1,5,3100067,2016-08-16 07:27:36
1382,86,0.98,2,5,61,2016-08-16 07:28:22
1383,68,0.91,1,5,260,2016-08-16 07:29:25
1384,85,0.95,3,5,98,2016-08-17 03:08:41
1385,74,0.93,2,2,86,2016-08-18 01:02:13
1386,75,0.96,1,5,269,2016-08-18 01:03:30
1387,70,0.95,3,5,3100093,2016-08-18 02:11:36
1388,88,0.97,1,2,666,2016-08-18 23:37:17
1389,77,0.94,1,4,174,2016-08-19 00:30:40
1390,82,0.96,5,5,134,2016-08-19 00:32:13
1391,71,0.93,4,5,3100028,2016-08-19 06:41:39
1392,83,0.98,3,5,3100084,2016-08-19 06:43:59
1393,76,0.97,4,5,729,2016-08-19 19:37:49
1394,83,0.98,3,4,403,2016-08-19 23:42:14
1395,84,0.97,1,5,108,2016-08-20 01:53:35
1396,83,0.98,2,5,283,2016-08-20 07:32:21
1397,72,0.93,2,4,308,2016-08-20 07:33:17
1398,74,0.90,2,5,326,2016-08-20 07:34:24
1399,89,0.97,1,5,625,2016-08-20 07:36:30
1400,68,0.90,3,4,242,2016-08-20 07:37:58
1401,76,0.93,4,5,373,2016-08-20 07:40:46
1402,87,0.96,3,4,234,2016-08-20 07:41:47
1403,69,0.93,3,5,161,2016-08-20 11:37:43
1404,75,0.95,3,5,310,2016-08-20 11:39:09
1405,72,0.93,3,4,662,2016-08-20 11:40:32
1406,81,0.95,3,4,3100028,2016-08-20 22:44:49
1407,80,0.92,2,5,3100100,2016-08-22 02:38:14
1408,79,0.95,4,5,3100059,2016-08-22 02:38:58
1409,77,0.93,4,5,59,2016-08-22 23:42:33
1410,81,0.96,1,2,338,2016-08-23 11:12:57
1411,88,0.96,1,5,31,2016-08-23 11:13:55
1412,74,0.90,2,4,545,2016-08-23 11:15:11
1413,66,0.94,2,2,95,2016-08-23 11:16:48
1414,71,0.90,3,4,732,2016-08-23 11:17:46
1415,70,0.89,4,5,3100010,2016-08-23 11:18:51
1416,83,0.95,2,5,320,2016-08-23 11:19:44
1417,70,0.95,2,5,618,2016-08-23 11:20:52
1418,77,0.93,2,5,396,2016-08-23 11:22:12
1419,66,0.91,2,5,556,2016-08-23 11:31:55
1420,89,0.99,2,5,705,2016-08-23 12:03:16
1421,69,0.92,2,5,48,2016-08-23 12:05:27
1422,72,0.94,4,5,160,2016-08-23 12:06:48
1423,87,0.97,3,5,571,2016-08-23 12:07:45
1424,76,0.95,1,5,3100046,2016-08-23 12:08:42
1425,67,0.90,3,5,455,2016-08-23 12:09:50
1426,82,0.96,1,5,299,2016-08-23 12:12:13
1427,79,0.95,2,5,422,2016-08-23 12:13:12
1428,81,0.94,4,4,3100039,2016-08-23 12:14:06
1429,81,0.93,1,2,502,2016-08-23 12:15:02
1430,86,0.95,2,2,331,2016-08-23 12:17:05
1431,81,0.95,1,3,179,2016-08-23 12:18:32
1432,76,0.94,2,5,143,2016-08-23 12:19:19
1433,76,0.93,4,5,3100064,2016-08-23 12:20:53
1434,62,0.89,4,5,13,2016-08-23 12:22:09
1435,87,0.96,2,5,31,2016-08-24 08:08:42
1436,75,0.94,1,3,625,2016-08-24 08:10:15
1437,79,0.98,3,3,173,2016-08-24 08:22:15
1438,74,0.94,5,5,3100008,2016-08-24 08:23:15
1439,77,0.95,2,2,498,2016-08-24 08:24:41
1440,78,0.99,2,3,296,2016-08-24 21:18:58
1441,73,0.93,2,3,703,2016-08-26 07:23:23
1442,88,0.99,1,5,26,2016-08-26 07:24:19
1443,73,0.93,2,5,205,2016-08-26 07:30:41
1444,78,0.95,2,4,480,2016-08-26 08:08:43
1445,81,0.95,1,2,26,2016-08-27 11:09:52
1446,76,0.95,2,5,4,2016-08-27 11:10:46
1447,82,0.96,1,5,317,2016-08-27 11:11:43
1448,78,0.94,3,4,313,2016-08-27 11:12:46
1449,80,0.95,2,4,141,2016-08-27 11:13:53
1450,90,0.99,1,4,320,2016-08-27 23:15:41
1451,79,0.95,1,5,566,2016-08-27 23:16:53
1452,77,0.94,2,3,344,2016-08-28 01:00:09
1453,77,0.93,1,5,111,2016-08-28 05:33:05
1454,82,0.96,2,3,418,2016-08-28 05:34:43
1455,68,0.91,1,3,226,2016-08-29 18:42:00
1456,76,0.94,3,5,3100044,2016-08-29 18:42:45
1457,89,0.97,1,2,116,2016-08-29 18:43:33
1458,65,0.94,5,5,547,2016-08-29 18:44:17
1459,78,0.95,2,5,517,2016-08-30 02:58:44
1460,75,0.93,3,5,705,2016-08-30 02:59:40
1461,75,0.97,3,5,478,2016-08-30 17:16:01
1462,81,0.96,2,4,459,2016-08-30 22:46:56
1463,81,0.96,1,5,3100020,2016-08-30 22:47:51
1464,76,0.94,2,3,618,2016-08-30 22:48:59
1465,83,0.94,3,4,580,2016-08-30 22:50:07
1466,71,0.93,2,4,260,2016-08-31 06:38:33
1467,73,0.92,2,3,695,2016-08-31 06:40:35
1468,88,0.99,2,5,200,2016-08-31 16:21:30
1469,65,0.92,1,3,398,2016-08-31 17:29:32
1470,90,0.97,2,2,3550076,2016-09-01 01:29:49
1471,59,0.90,3,5,168,2016-09-01 01:32:36
1472,79,0.95,3,4,121,2016-09-01 06:15:20
1473,97,0.99,1,3,3100104,2016-09-01 06:15:54
1474,69,0.93,4,5,526,2016-09-01 06:17:32
1475,73,0.92,4,4,3550088,2016-09-01 06:34:31
1476,87,0.95,2,5,86,2016-09-01 06:35:47
1477,75,0.96,1,4,3550198,2016-09-01 06:37:02
1478,79,0.94,2,3,126,2016-09-01 06:38:15
1479,92,0.96,1,5,130,2016-09-01 07:33:06
1480,71,0.91,1,3,715,2016-09-01 07:35:20
1481,72,0.86,4,5,42,2016-09-01 07:36:30
1482,85,0.97,5,5,3100041,2016-09-01 07:37:42
1483,73,0.92,3,5,3550165,2016-09-01 07:39:57
1484,75,0.90,5,5,164,2016-09-01 07:40:43
1485,64,0.89,4,5,48,2016-09-01 07:41:29
1486,80,0.95,2,4,3550198,2016-09-01 07:42:51
1487,88,0.99,2,5,327,2016-09-01 20:46:56
1488,74,0.93,4,5,3100080,2016-09-03 04:40:19
1489,80,0.97,1,4,577,2016-09-03 04:41:45
1490,83,0.96,4,4,3100039,2016-09-03 04:42:37
1491,74,0.97,1,5,3100046,2016-09-03 10:21:37
1492,76,0.96,1,3,176,2016-09-03 10:28:58
1493,84,0.99,1,4,3550195,2016-09-03 10:29:41
1494,79,0.97,3,4,565,2016-09-03 10:31:28
1495,79,0.97,2,5,620,2016-09-03 10:41:24
1496,72,0.95,1,5,12,2016-09-03 10:42:12
1497,67,0.92,5,5,3550024,2016-09-03 10:43:03
1498,85,0.98,3,5,3100068,2016-09-03 10:43:53
1499,52,0.85,5,5,3100095,2016-09-03 10:44:55
1500,70,0.96,2,5,110,2016-09-03 10:46:04
1501,79,0.96,1,2,3550026,2016-09-04 05:47:59
1502,69,0.94,1,1,166,2016-09-05 06:14:37
1503,83,0.96,2,3,3550197,2016-09-05 06:15:31
1504,90,0.98,1,5,3550092,2016-09-05 06:16:18
1505,71,0.92,2,2,3550224,2016-09-06 06:47:01
1506,74,0.94,1,5,632,2016-09-06 06:54:08
1507,90,0.99,1,4,33,2016-09-06 06:54:46
1508,84,0.95,1,4,3100105,2016-09-06 16:54:39
1509,78,0.95,2,5,3100010,2016-09-06 16:55:35
1510,81,0.96,3,5,705,2016-09-06 16:56:26
1511,76,0.94,4,5,658,2016-09-06 16:57:20
1512,78,0.95,2,4,3550055,2016-09-06 16:58:19
1513,77,0.95,1,5,66,2016-09-06 16:59:19
1514,98,0.99,3,4,3100102,2016-09-08 05:18:47
1515,100,0.98,1,5,295,2016-09-08 05:23:24
1516,85,0.98,1,5,3100006,2016-09-08 05:27:41
1517,77,0.96,2,4,616,2016-09-08 05:28:48
1518,93,0.96,2,2,301,2016-09-08 05:31:24
1519,75,0.93,1,3,315,2016-09-08 05:32:33
1520,83,0.96,1,5,732,2016-09-08 05:33:24
1521,75,0.95,2,4,3100090,2016-09-08 06:22:11
1522,78,0.94,1,4,449,2016-09-08 07:29:17
1523,72,0.95,2,2,3550103,2016-09-08 22:38:19
1524,71,0.92,4,4,3100079,2016-09-09 01:25:54
1525,82,0.99,2,2,54,2016-09-09 07:15:01
1526,79,0.97,4,5,3550189,2016-09-12 02:06:31
1527,80,0.96,1,3,296,2016-09-12 02:07:55
1528,82,0.97,1,2,142,2016-09-12 02:09:21
1529,80,0.97,3,5,3550164,2016-09-12 18:35:19
1530,83,0.95,2,5,187,2016-09-12 18:36:14
1531,63,0.88,3,4,3550086,2016-09-14 03:56:09
1532,95,0.97,1,5,3100000,2016-09-14 03:56:55
1533,71,0.93,2,2,8,2016-09-16 01:25:01
1534,80,0.96,4,5,306,2016-09-16 03:43:02
1535,77,0.93,1,3,3550199,2016-09-17 06:57:23
1536,82,0.94,2,3,515,2016-09-17 06:58:36
1537,79,0.97,1,5,653,2016-09-17 13:43:18
1538,83,0.94,2,5,439,2016-09-17 22:02:48
1539,73,0.92,4,5,623,2016-09-17 22:03:49
1540,87,0.96,4,5,60,2016-09-18 03:49:50
1541,84,0.95,2,3,3550022,2016-09-21 23:52:21
1542,80,0.96,2,5,3550115,2016-09-21 23:53:03
1543,72,0.93,4,5,260,2016-09-26 23:18:46
1544,77,0.97,2,5,463,2016-09-27 17:49:41
1545,76,0.94,2,2,18,2016-09-28 03:28:08
1546,83,0.99,2,5,307,2016-09-28 03:28:41
1547,94,1.00,1,5,3100107,2016-09-28 03:36:01
1548,81,0.96,4,4,3550100,2016-09-28 03:39:38
1549,70,0.92,4,4,5,2016-09-28 03:40:40
1550,76,0.95,4,5,3100062,2016-09-28 03:50:29
1551,85,0.97,2,4,208,2016-09-30 23:07:31
1552,72,0.92,3,5,12,2016-10-01 20:49:59
1553,79,0.96,1,2,3550196,2016-10-02 07:51:49
1554,82,0.98,1,5,3550194,2016-10-02 07:53:01
1555,93,0.97,1,4,3100040,2016-10-02 07:53:42
1556,76,0.93,2,5,300,2016-10-03 06:34:20
1557,76,0.92,3,4,41,2016-10-03 06:35:05
1558,81,0.96,3,5,3100097,2016-10-03 06:36:10
1559,86,0.97,1,5,3550180,2016-10-03 06:36:54
1560,81,0.98,1,4,377,2016-10-04 07:31:30
1561,81,0.97,1,4,3550001,2016-10-08 05:13:19
1562,81,0.95,3,4,433,2016-10-09 22:12:40
1563,85,0.98,1,5,3550045,2016-10-09 22:13:32
1564,84,0.96,1,5,3100096,2016-10-09 22:14:33
1565,79,0.94,3,5,576,2016-10-11 06:10:52
1566,83,0.97,1,5,88,2016-10-11 06:11:43
1567,89,0.97,3,5,189,2016-10-11 06:12:28
1568,90,0.97,1,5,3550029,2016-10-11 06:56:36
1569,94,0.99,3,5,98,2016-10-11 07:13:30
1570,83,0.94,2,4,9,2016-10-11 07:14:22
1571,77,0.91,3,5,338,2016-10-11 20:49:42
1572,84,0.94,3,5,3550012,2016-10-11 20:50:28
1573,82,0.96,2,2,3550188,2016-10-12 04:30:45
1574,90,0.98,1,4,3550111,2016-10-12 21:29:33
1575,84,0.96,2,5,444,2016-10-13 21:02:59
1576,85,0.95,1,2,62,2016-10-13 21:22:36
1577,87,0.95,3,3,64,2016-10-13 21:24:26
1578,79,0.93,5,5,74,2016-10-13 21:25:12
1579,90,0.98,1,5,3550045,2016-10-14 16:52:28
1580,81,0.98,1,4,3550086,2016-10-14 17:07:21
1581,82,0.93,3,5,42,2016-10-14 17:37:10
1582,74,0.95,2,5,324,2016-10-14 17:39:14
1583,74,0.93,2,3,316,2016-10-14 17:40:09
1584,77,0.94,2,5,121,2016-10-14 17:41:20
1585,70,0.90,2,4,3550110,2016-10-14 17:41:59
1586,84,0.96,4,5,643,2016-10-14 17:42:55
1587,76,0.96,1,3,3550113,2016-10-15 21:09:40
1588,81,0.96,2,5,67,2016-10-15 21:10:46
1589,78,0.97,1,4,634,2016-10-17 00:16:47
1590,87,0.96,2,5,295,2016-10-17 00:17:28
1591,82,0.98,3,5,3550003,2016-10-17 00:21:01
1592,75,0.96,1,4,69,2016-10-17 00:22:19
1593,77,0.92,2,5,3100039,2016-10-17 00:31:47
1594,68,0.96,2,3,95,2016-10-17 01:51:39
1595,79,0.94,2,3,3100064,2016-10-17 01:53:04
1596,87,0.96,2,4,3550075,2016-10-17 01:53:39
1597,70,0.91,1,5,3550095,2016-10-17 01:54:43
1598,77,0.95,3,5,374,2016-10-17 01:56:01
1599,84,1.00,1,5,3100071,2016-10-17 01:56:52
1600,83,0.98,2,5,350,2016-10-17 01:58:50
1601,64,0.90,5,5,3100008,2016-10-17 02:00:31
1602,72,0.94,1,3,3550036,2016-10-17 02:01:57
1603,75,0.96,2,3,580,2016-10-17 16:30:32
1604,79,0.94,3,5,367,2016-10-17 17:14:46
1605,75,0.92,2,5,434,2016-10-17 17:15:44
1606,73,0.94,1,5,316,2016-10-17 20:40:47
1607,73,0.95,2,4,286,2016-10-18 19:20:54
1608,86,0.99,1,5,35,2016-10-18 20:11:13
1609,78,0.96,1,2,381,2016-10-18 22:41:50
1610,78,0.88,4,5,548,2016-10-18 22:42:51
1611,87,0.95,4,5,3550160,2016-10-18 22:43:26
1612,74,0.93,1,5,502,2016-10-18 22:44:07
1613,82,0.96,2,5,3550003,2016-10-18 22:48:05
1614,88,0.97,1,2,3550179,2016-10-20 02:54:09
1615,87,0.93,1,5,3550090,2016-10-20 02:54:49
1616,85,0.95,1,2,3100046,2016-10-20 02:55:54
1617,90,0.96,1,5,326,2016-10-20 02:56:48
1618,92,0.95,2,5,3100028,2016-10-20 02:57:41
1619,71,0.93,3,5,568,2016-10-20 02:58:52
1620,87,0.98,3,5,3550084,2016-10-21 03:43:05
1621,66,0.94,3,4,312,2016-10-21 09:24:10
1622,72,0.89,2,5,3550075,2016-10-21 09:24:51
1623,82,0.97,2,5,194,2016-10-22 23:23:08
1624,87,0.98,3,5,3550140,2016-10-23 01:56:27
1625,68,0.94,4,5,3550105,2016-10-23 06:57:59
1626,81,0.96,1,4,3100040,2016-10-23 06:58:52
1627,95,0.98,1,5,3550038,2016-10-23 06:59:45
1628,83,0.96,1,5,3100099,2016-10-23 07:03:53
1629,84,0.98,1,4,485,2016-10-23 07:04:44
1630,72,0.92,2,3,3550164,2016-10-23 07:05:29
1631,82,0.95,3,5,209,2016-10-23 18:56:12
1632,88,0.96,1,3,358,2016-10-24 21:46:45
1633,80,0.94,1,4,204,2016-10-25 04:07:55
1634,77,0.96,3,5,3100012,2016-10-25 18:57:12
1635,89,0.98,2,4,3550213,2016-10-25 21:02:05
1636,94,1.00,3,5,3100095,2016-10-26 00:48:41
1637,82,0.96,2,5,434,2016-10-26 18:45:08
1638,81,0.97,4,5,697,2016-10-26 20:57:13
1639,81,0.96,5,5,189,2016-10-26 21:41:25
1640,83,0.99,1,5,555,2016-10-26 21:42:15
1641,76,0.94,3,5,3550193,2016-10-26 22:55:33
1642,59,0.88,3,5,3550020,2016-10-27 04:38:14
1643,83,0.97,1,4,3550188,2016-10-27 20:10:42
1644,77,0.95,4,5,7,2016-10-28 01:52:38
1645,87,0.97,3,5,3550227,2016-10-28 01:56:55
1646,83,0.95,3,5,211,2016-10-28 02:07:16
1647,84,0.97,2,3,549,2016-10-28 02:09:22
1648,83,0.97,4,5,133,2016-10-28 02:10:38
1649,89,0.95,2,3,3550012,2016-10-28 05:34:40
1650,81,0.95,2,3,131,2016-10-28 05:35:49
1651,84,0.97,2,3,58,2016-10-28 20:07:15
1652,87,0.98,1,5,623,2016-10-28 20:08:08
1653,78,0.94,2,5,303,2016-10-28 20:09:34
1654,80,0.95,3,4,413,2016-10-28 20:10:23
1655,75,0.94,3,4,3550134,2016-10-29 19:14:47
1656,98,0.97,2,4,548,2016-11-01 20:37:10
1657,90,0.96,2,4,660,2016-11-01 20:38:06
1658,77,0.94,3,4,58,2016-11-01 20:39:03
1659,90,0.97,1,4,586,2016-11-01 21:35:40
1660,81,0.95,2,3,174,2016-11-02 01:34:01
1661,79,0.96,1,5,162,2016-11-02 21:13:59
1662,76,0.92,2,5,310,2016-11-03 00:17:14
1663,72,0.89,2,3,3550075,2016-11-03 00:44:01
